subproduct,parameter,month,samples
ChemSpecPM10,Aluminum PM10,2024-08-01,1
ChemSpecPM10,Aluminum PM10,2024-10-01,1
ChemSpecPM10,Aluminum PM10,2024-12-01,1
ChemSpecPM10,Aluminum PM10,2025-02-01,1
ChemSpecPM10,Aluminum PM10,2025-04-01,1
ChemSpecPM10,Aluminum PM10,2025-06-01,1
ChemSpecPM10,Ammonium Ion PM10,2024-08-01,2
ChemSpecPM10,Ammonium Ion PM10,2024-10-01,2
ChemSpecPM10,Ammonium Ion PM10,2024-12-01,2
ChemSpecPM10,Ammonium Ion PM10,2025-02-01,2
ChemSpecPM10,Ammonium Ion PM10,2025-04-01,2
ChemSpecPM10,Ammonium Ion PM10,2025-06-01,1
ChemSpecPM10,Antimony PM10,2024-08-01,1
ChemSpecPM10,Antimony PM10,2024-10-01,1
ChemSpecPM10,Antimony PM10,2024-12-01,1
ChemSpecPM10,Antimony PM10,2025-02-01,1
ChemSpecPM10,Antimony PM10,2025-04-01,1
ChemSpecPM10,Antimony PM10,2025-06-01,1
ChemSpecPM10,Arsenic PM10,2024-08-01,1
ChemSpecPM10,Arsenic PM10,2024-10-01,1
ChemSpecPM10,Arsenic PM10,2024-12-01,1
ChemSpecPM10,Arsenic PM10,2025-02-01,1
ChemSpecPM10,Arsenic PM10,2025-04-01,1
ChemSpecPM10,Arsenic PM10,2025-06-01,1
ChemSpecPM10,BC PM10,2024-08-01,1
ChemSpecPM10,BC PM10,2024-10-01,1
ChemSpecPM10,BC PM10,2024-12-01,1
ChemSpecPM10,BC PM10,2025-02-01,1
ChemSpecPM10,BC PM10,2025-04-01,1
ChemSpecPM10,BC PM10,2025-06-01,1
ChemSpecPM10,Cadmium PM10,2024-08-01,1
ChemSpecPM10,Cadmium PM10,2024-10-01,1
ChemSpecPM10,Cadmium PM10,2024-12-01,1
ChemSpecPM10,Cadmium PM10,2025-02-01,1
ChemSpecPM10,Cadmium PM10,2025-04-01,1
ChemSpecPM10,Cadmium PM10,2025-06-01,1
ChemSpecPM10,Calcium Ion PM10,2024-08-01,2
ChemSpecPM10,Calcium Ion PM10,2024-10-01,2
ChemSpecPM10,Calcium Ion PM10,2024-12-01,2
ChemSpecPM10,Calcium Ion PM10,2025-02-01,2
ChemSpecPM10,Calcium Ion PM10,2025-04-01,2
ChemSpecPM10,Calcium Ion PM10,2025-06-01,1
ChemSpecPM10,Calcium PM10,2024-08-01,1
ChemSpecPM10,Calcium PM10,2024-10-01,1
ChemSpecPM10,Calcium PM10,2024-12-01,1
ChemSpecPM10,Calcium PM10,2025-02-01,1
ChemSpecPM10,Calcium PM10,2025-04-01,1
ChemSpecPM10,Calcium PM10,2025-06-01,1
ChemSpecPM10,Cerium PM10,2024-08-01,1
ChemSpecPM10,Cerium PM10,2024-10-01,1
ChemSpecPM10,Cerium PM10,2024-12-01,1
ChemSpecPM10,Cerium PM10,2025-02-01,1
ChemSpecPM10,Cerium PM10,2025-04-01,1
ChemSpecPM10,Cerium PM10,2025-06-01,1
ChemSpecPM10,Chlorine PM10,2024-08-01,1
ChemSpecPM10,Chlorine PM10,2024-10-01,1
ChemSpecPM10,Chlorine PM10,2024-12-01,1
ChemSpecPM10,Chlorine PM10,2025-02-01,1
ChemSpecPM10,Chlorine PM10,2025-04-01,1
ChemSpecPM10,Chlorine PM10,2025-06-01,1
ChemSpecPM10,Chromium PM10,2024-08-01,1
ChemSpecPM10,Chromium PM10,2024-10-01,1
ChemSpecPM10,Chromium PM10,2024-12-01,1
ChemSpecPM10,Chromium PM10,2025-02-01,1
ChemSpecPM10,Chromium PM10,2025-04-01,1
ChemSpecPM10,Chromium PM10,2025-06-01,1
ChemSpecPM10,Cobalt PM10,2024-08-01,1
ChemSpecPM10,Cobalt PM10,2024-10-01,1
ChemSpecPM10,Cobalt PM10,2024-12-01,1
ChemSpecPM10,Cobalt PM10,2025-02-01,1
ChemSpecPM10,Cobalt PM10,2025-04-01,1
ChemSpecPM10,Cobalt PM10,2025-06-01,1
ChemSpecPM10,Copper PM10,2024-08-01,1
ChemSpecPM10,Copper PM10,2024-10-01,1
ChemSpecPM10,Copper PM10,2024-12-01,1
ChemSpecPM10,Copper PM10,2025-02-01,1
ChemSpecPM10,Copper PM10,2025-04-01,1
ChemSpecPM10,Copper PM10,2025-06-01,1
ChemSpecPM10,EC PM10,2024-08-01,1
ChemSpecPM10,Iron PM10,2024-08-01,1
ChemSpecPM10,Iron PM10,2024-10-01,1
ChemSpecPM10,Iron PM10,2024-12-01,1
ChemSpecPM10,Iron PM10,2025-02-01,1
ChemSpecPM10,Iron PM10,2025-04-01,1
ChemSpecPM10,Iron PM10,2025-06-01,1
ChemSpecPM10,Lead PM10,2024-08-01,1
ChemSpecPM10,Lead PM10,2024-10-01,1
ChemSpecPM10,Lead PM10,2024-12-01,1
ChemSpecPM10,Lead PM10,2025-02-01,1
ChemSpecPM10,Lead PM10,2025-04-01,1
ChemSpecPM10,Lead PM10,2025-06-01,1
ChemSpecPM10,Magnesium Ion PM10,2024-08-01,2
ChemSpecPM10,Magnesium Ion PM10,2024-10-01,2
ChemSpecPM10,Magnesium Ion PM10,2025-02-01,2
ChemSpecPM10,Magnesium Ion PM10,2025-04-01,2
ChemSpecPM10,Magnesium Ion PM10,2024-12-01,1
ChemSpecPM10,Magnesium Ion PM10,2025-06-01,1
ChemSpecPM10,Magnesium PM10,2024-08-01,1
ChemSpecPM10,Magnesium PM10,2024-10-01,1
ChemSpecPM10,Magnesium PM10,2024-12-01,1
ChemSpecPM10,Magnesium PM10,2025-02-01,1
ChemSpecPM10,Magnesium PM10,2025-04-01,1
ChemSpecPM10,Magnesium PM10,2025-06-01,1
ChemSpecPM10,Manganese PM10,2024-08-01,1
ChemSpecPM10,Manganese PM10,2024-10-01,1
ChemSpecPM10,Manganese PM10,2024-12-01,1
ChemSpecPM10,Manganese PM10,2025-02-01,1
ChemSpecPM10,Manganese PM10,2025-04-01,1
ChemSpecPM10,Manganese PM10,2025-06-01,1
ChemSpecPM10,Nickel PM10,2024-08-01,1
ChemSpecPM10,Nickel PM10,2024-10-01,1
ChemSpecPM10,Nickel PM10,2024-12-01,1
ChemSpecPM10,Nickel PM10,2025-02-01,1
ChemSpecPM10,Nickel PM10,2025-04-01,1
ChemSpecPM10,Nickel PM10,2025-06-01,1
ChemSpecPM10,Nitrate Ion PM10,2024-08-01,2
ChemSpecPM10,Nitrate Ion PM10,2024-10-01,2
ChemSpecPM10,Nitrate Ion PM10,2024-12-01,2
ChemSpecPM10,Nitrate Ion PM10,2025-02-01,2
ChemSpecPM10,Nitrate Ion PM10,2025-04-01,2
ChemSpecPM10,Nitrate Ion PM10,2025-06-01,1
ChemSpecPM10,Nitrite Ion PM10,2024-10-01,2
ChemSpecPM10,Nitrite Ion PM10,2024-08-01,1
ChemSpecPM10,Nitrite Ion PM10,2024-12-01,1
ChemSpecPM10,Nitrite Ion PM10,2025-02-01,1
ChemSpecPM10,Nitrite Ion PM10,2025-04-01,1
ChemSpecPM10,OC PM10,2024-08-01,1
ChemSpecPM10,PM10 mass,2024-08-01,1
ChemSpecPM10,PM10 mass,2024-10-01,1
ChemSpecPM10,PM10 mass,2024-12-01,1
ChemSpecPM10,PM10 mass,2025-02-01,1
ChemSpecPM10,PM10 mass,2025-04-01,1
ChemSpecPM10,PM10 mass,2025-06-01,1
ChemSpecPM10,Potassium Ion PM10,2024-08-01,2
ChemSpecPM10,Potassium Ion PM10,2024-10-01,2
ChemSpecPM10,Potassium Ion PM10,2024-12-01,2
ChemSpecPM10,Potassium Ion PM10,2025-02-01,2
ChemSpecPM10,Potassium Ion PM10,2025-04-01,2
ChemSpecPM10,Potassium Ion PM10,2025-06-01,1
ChemSpecPM10,Potassium PM10,2024-08-01,1
ChemSpecPM10,Potassium PM10,2024-10-01,1
ChemSpecPM10,Potassium PM10,2024-12-01,1
ChemSpecPM10,Potassium PM10,2025-02-01,1
ChemSpecPM10,Potassium PM10,2025-04-01,1
ChemSpecPM10,Potassium PM10,2025-06-01,1
ChemSpecPM10,Rubidium PM10,2024-08-01,1
ChemSpecPM10,Rubidium PM10,2024-10-01,1
ChemSpecPM10,Rubidium PM10,2024-12-01,1
ChemSpecPM10,Rubidium PM10,2025-02-01,1
ChemSpecPM10,Rubidium PM10,2025-04-01,1
ChemSpecPM10,Rubidium PM10,2025-06-01,1
ChemSpecPM10,Selenium PM10,2024-08-01,1
ChemSpecPM10,Selenium PM10,2024-10-01,1
ChemSpecPM10,Selenium PM10,2024-12-01,1
ChemSpecPM10,Selenium PM10,2025-02-01,1
ChemSpecPM10,Selenium PM10,2025-04-01,1
ChemSpecPM10,Selenium PM10,2025-06-01,1
ChemSpecPM10,Silicon PM10,2024-08-01,1
ChemSpecPM10,Silicon PM10,2024-10-01,1
ChemSpecPM10,Silicon PM10,2024-12-01,1
ChemSpecPM10,Silicon PM10,2025-02-01,1
ChemSpecPM10,Silicon PM10,2025-04-01,1
ChemSpecPM10,Silicon PM10,2025-06-01,1
ChemSpecPM10,Sodium Ion PM10,2024-08-01,2
ChemSpecPM10,Sodium Ion PM10,2024-10-01,2
ChemSpecPM10,Sodium Ion PM10,2025-02-01,2
ChemSpecPM10,Sodium Ion PM10,2025-04-01,2
ChemSpecPM10,Sodium Ion PM10,2024-12-01,1
ChemSpecPM10,Sodium Ion PM10,2025-06-01,1
ChemSpecPM10,Sodium PM10,2024-08-01,1
ChemSpecPM10,Sodium PM10,2024-10-01,1
ChemSpecPM10,Sodium PM10,2024-12-01,1
ChemSpecPM10,Sodium PM10,2025-02-01,1
ChemSpecPM10,Sodium PM10,2025-04-01,1
ChemSpecPM10,Sodium PM10,2025-06-01,1
ChemSpecPM10,Strontium PM10,2024-08-01,1
ChemSpecPM10,Strontium PM10,2024-10-01,1
ChemSpecPM10,Strontium PM10,2024-12-01,1
ChemSpecPM10,Strontium PM10,2025-02-01,1
ChemSpecPM10,Strontium PM10,2025-04-01,1
ChemSpecPM10,Strontium PM10,2025-06-01,1
ChemSpecPM10,Sulfate Ion PM10,2024-08-01,2
ChemSpecPM10,Sulfate Ion PM10,2024-10-01,2
ChemSpecPM10,Sulfate Ion PM10,2025-02-01,2
ChemSpecPM10,Sulfate Ion PM10,2025-04-01,2
ChemSpecPM10,Sulfate Ion PM10,2024-12-01,1
ChemSpecPM10,Sulfate Ion PM10,2025-06-01,1
ChemSpecPM10,Sulfur PM10,2024-08-01,1
ChemSpecPM10,Sulfur PM10,2024-10-01,1
ChemSpecPM10,Sulfur PM10,2024-12-01,1
ChemSpecPM10,Sulfur PM10,2025-02-01,1
ChemSpecPM10,Sulfur PM10,2025-04-01,1
ChemSpecPM10,Sulfur PM10,2025-06-01,1
ChemSpecPM10,Tin PM10,2024-08-01,1
ChemSpecPM10,Tin PM10,2024-10-01,1
ChemSpecPM10,Tin PM10,2024-12-01,1
ChemSpecPM10,Tin PM10,2025-02-01,1
ChemSpecPM10,Tin PM10,2025-04-01,1
ChemSpecPM10,Tin PM10,2025-06-01,1
ChemSpecPM10,Titanium PM10,2024-08-01,1
ChemSpecPM10,Titanium PM10,2024-10-01,1
ChemSpecPM10,Titanium PM10,2024-12-01,1
ChemSpecPM10,Titanium PM10,2025-02-01,1
ChemSpecPM10,Titanium PM10,2025-04-01,1
ChemSpecPM10,Titanium PM10,2025-06-01,1
ChemSpecPM10,Vanadium PM10,2024-08-01,1
ChemSpecPM10,Vanadium PM10,2024-10-01,1
ChemSpecPM10,Vanadium PM10,2024-12-01,1
ChemSpecPM10,Vanadium PM10,2025-02-01,1
ChemSpecPM10,Vanadium PM10,2025-04-01,1
ChemSpecPM10,Vanadium PM10,2025-06-01,1
ChemSpecPM10,Zinc PM10,2024-08-01,1
ChemSpecPM10,Zinc PM10,2024-10-01,1
ChemSpecPM10,Zinc PM10,2024-12-01,1
ChemSpecPM10,Zinc PM10,2025-02-01,1
ChemSpecPM10,Zinc PM10,2025-04-01,1
ChemSpecPM10,Zinc PM10,2025-06-01,1
ChemSpecPM25,Aluminum PM2.5,2024-01-01,11
ChemSpecPM25,Aluminum PM2.5,2024-03-01,11
ChemSpecPM25,Aluminum PM2.5,2023-04-01,10
ChemSpecPM25,Aluminum PM2.5,2023-06-01,10
ChemSpecPM25,Aluminum PM2.5,2023-07-01,10
ChemSpecPM25,Aluminum PM2.5,2023-11-01,10
ChemSpecPM25,Aluminum PM2.5,2023-12-01,10
ChemSpecPM25,Aluminum PM2.5,2024-04-01,10
ChemSpecPM25,Aluminum PM2.5,2024-07-01,10
ChemSpecPM25,Aluminum PM2.5,2022-12-01,9
ChemSpecPM25,Aluminum PM2.5,2023-01-01,9
ChemSpecPM25,Aluminum PM2.5,2023-02-01,9
ChemSpecPM25,Aluminum PM2.5,2023-08-01,9
ChemSpecPM25,Aluminum PM2.5,2023-09-01,9
ChemSpecPM25,Aluminum PM2.5,2024-02-01,9
ChemSpecPM25,Aluminum PM2.5,2024-06-01,9
ChemSpecPM25,Aluminum PM2.5,2023-03-01,8
ChemSpecPM25,Aluminum PM2.5,2023-05-01,8
ChemSpecPM25,Aluminum PM2.5,2025-12-01,8
ChemSpecPM25,Aluminum PM2.5,2023-10-01,6
ChemSpecPM25,Aluminum PM2.5,2024-08-01,5
ChemSpecPM25,Aluminum PM2.5,2024-05-01,4
ChemSpecPM25,Aluminum PM2.5,2025-11-01,4
ChemSpecPM25,Aluminum PM2.5,2024-10-01,3
ChemSpecPM25,Aluminum PM2.5,2024-11-01,3
ChemSpecPM25,Aluminum PM2.5,2024-12-01,3
ChemSpecPM25,Aluminum PM2.5,2025-01-01,3
ChemSpecPM25,Aluminum PM2.5,2025-02-01,3
ChemSpecPM25,Aluminum PM2.5,2025-03-01,3
ChemSpecPM25,Aluminum PM2.5,2025-04-01,3
ChemSpecPM25,Aluminum PM2.5,2025-05-01,3
ChemSpecPM25,Aluminum PM2.5,2025-07-01,3
ChemSpecPM25,Aluminum PM2.5,2024-09-01,2
ChemSpecPM25,Aluminum PM2.5,2025-06-01,2
ChemSpecPM25,Aluminum PM2.5,2026-01-01,2
ChemSpecPM25,Aluminum PM2.5,2025-08-01,1
ChemSpecPM25,Ammonium Ion PM2.5,2024-07-01,15
ChemSpecPM25,Ammonium Ion PM2.5,2024-01-01,11
ChemSpecPM25,Ammonium Ion PM2.5,2024-03-01,11
ChemSpecPM25,Ammonium Ion PM2.5,2023-04-01,10
ChemSpecPM25,Ammonium Ion PM2.5,2023-06-01,10
ChemSpecPM25,Ammonium Ion PM2.5,2023-07-01,10
ChemSpecPM25,Ammonium Ion PM2.5,2024-04-01,10
ChemSpecPM25,Ammonium Ion PM2.5,2024-08-01,10
ChemSpecPM25,Ammonium Ion PM2.5,2022-12-01,9
ChemSpecPM25,Ammonium Ion PM2.5,2023-01-01,9
ChemSpecPM25,Ammonium Ion PM2.5,2023-02-01,9
ChemSpecPM25,Ammonium Ion PM2.5,2023-08-01,9
ChemSpecPM25,Ammonium Ion PM2.5,2023-09-01,9
ChemSpecPM25,Ammonium Ion PM2.5,2024-02-01,9
ChemSpecPM25,Ammonium Ion PM2.5,2024-06-01,9
ChemSpecPM25,Ammonium Ion PM2.5,2023-03-01,8
ChemSpecPM25,Ammonium Ion PM2.5,2023-05-01,8
ChemSpecPM25,Ammonium Ion PM2.5,2023-10-01,6
ChemSpecPM25,Ammonium Ion PM2.5,2024-10-01,6
ChemSpecPM25,Ammonium Ion PM2.5,2024-11-01,6
ChemSpecPM25,Ammonium Ion PM2.5,2024-12-01,6
ChemSpecPM25,Ammonium Ion PM2.5,2025-01-01,6
ChemSpecPM25,Ammonium Ion PM2.5,2025-02-01,6
ChemSpecPM25,Ammonium Ion PM2.5,2025-03-01,6
ChemSpecPM25,Ammonium Ion PM2.5,2025-04-01,6
ChemSpecPM25,Ammonium Ion PM2.5,2025-05-01,6
ChemSpecPM25,Ammonium Ion PM2.5,2023-12-01,4
ChemSpecPM25,Ammonium Ion PM2.5,2024-05-01,4
ChemSpecPM25,Ammonium Ion PM2.5,2024-09-01,4
ChemSpecPM25,Ammonium Ion PM2.5,2025-07-01,3
ChemSpecPM25,Ammonium Ion PM2.5,2023-11-01,2
ChemSpecPM25,Ammonium Ion PM2.5,2025-06-01,2
ChemSpecPM25,Ammonium Ion PM2.5,2025-08-01,1
ChemSpecPM25,Antimony PM2.5,2024-01-01,11
ChemSpecPM25,Antimony PM2.5,2024-03-01,11
ChemSpecPM25,Antimony PM2.5,2023-04-01,10
ChemSpecPM25,Antimony PM2.5,2023-06-01,10
ChemSpecPM25,Antimony PM2.5,2023-07-01,10
ChemSpecPM25,Antimony PM2.5,2023-11-01,10
ChemSpecPM25,Antimony PM2.5,2023-12-01,10
ChemSpecPM25,Antimony PM2.5,2024-04-01,10
ChemSpecPM25,Antimony PM2.5,2024-07-01,10
ChemSpecPM25,Antimony PM2.5,2022-12-01,9
ChemSpecPM25,Antimony PM2.5,2023-01-01,9
ChemSpecPM25,Antimony PM2.5,2023-02-01,9
ChemSpecPM25,Antimony PM2.5,2023-08-01,9
ChemSpecPM25,Antimony PM2.5,2023-09-01,9
ChemSpecPM25,Antimony PM2.5,2024-02-01,9
ChemSpecPM25,Antimony PM2.5,2024-06-01,9
ChemSpecPM25,Antimony PM2.5,2023-03-01,8
ChemSpecPM25,Antimony PM2.5,2023-05-01,8
ChemSpecPM25,Antimony PM2.5,2025-12-01,8
ChemSpecPM25,Antimony PM2.5,2023-10-01,6
ChemSpecPM25,Antimony PM2.5,2024-08-01,5
ChemSpecPM25,Antimony PM2.5,2024-05-01,4
ChemSpecPM25,Antimony PM2.5,2025-11-01,4
ChemSpecPM25,Antimony PM2.5,2024-10-01,3
ChemSpecPM25,Antimony PM2.5,2024-11-01,3
ChemSpecPM25,Antimony PM2.5,2024-12-01,3
ChemSpecPM25,Antimony PM2.5,2025-01-01,3
ChemSpecPM25,Antimony PM2.5,2025-02-01,3
ChemSpecPM25,Antimony PM2.5,2025-03-01,3
ChemSpecPM25,Antimony PM2.5,2025-04-01,3
ChemSpecPM25,Antimony PM2.5,2025-05-01,3
ChemSpecPM25,Antimony PM2.5,2025-07-01,3
ChemSpecPM25,Antimony PM2.5,2024-09-01,2
ChemSpecPM25,Antimony PM2.5,2025-06-01,2
ChemSpecPM25,Antimony PM2.5,2026-01-01,2
ChemSpecPM25,Antimony PM2.5,2025-08-01,1
ChemSpecPM25,Arsenic PM2.5,2024-01-01,11
ChemSpecPM25,Arsenic PM2.5,2024-03-01,11
ChemSpecPM25,Arsenic PM2.5,2023-04-01,10
ChemSpecPM25,Arsenic PM2.5,2023-06-01,10
ChemSpecPM25,Arsenic PM2.5,2023-07-01,10
ChemSpecPM25,Arsenic PM2.5,2023-11-01,10
ChemSpecPM25,Arsenic PM2.5,2023-12-01,10
ChemSpecPM25,Arsenic PM2.5,2024-04-01,10
ChemSpecPM25,Arsenic PM2.5,2024-07-01,10
ChemSpecPM25,Arsenic PM2.5,2022-12-01,9
ChemSpecPM25,Arsenic PM2.5,2023-01-01,9
ChemSpecPM25,Arsenic PM2.5,2023-02-01,9
ChemSpecPM25,Arsenic PM2.5,2023-08-01,9
ChemSpecPM25,Arsenic PM2.5,2023-09-01,9
ChemSpecPM25,Arsenic PM2.5,2024-02-01,9
ChemSpecPM25,Arsenic PM2.5,2024-06-01,9
ChemSpecPM25,Arsenic PM2.5,2023-03-01,8
ChemSpecPM25,Arsenic PM2.5,2023-05-01,8
ChemSpecPM25,Arsenic PM2.5,2025-12-01,8
ChemSpecPM25,Arsenic PM2.5,2023-10-01,6
ChemSpecPM25,Arsenic PM2.5,2024-08-01,5
ChemSpecPM25,Arsenic PM2.5,2024-05-01,4
ChemSpecPM25,Arsenic PM2.5,2025-11-01,4
ChemSpecPM25,Arsenic PM2.5,2024-10-01,3
ChemSpecPM25,Arsenic PM2.5,2024-11-01,3
ChemSpecPM25,Arsenic PM2.5,2024-12-01,3
ChemSpecPM25,Arsenic PM2.5,2025-01-01,3
ChemSpecPM25,Arsenic PM2.5,2025-02-01,3
ChemSpecPM25,Arsenic PM2.5,2025-03-01,3
ChemSpecPM25,Arsenic PM2.5,2025-04-01,3
ChemSpecPM25,Arsenic PM2.5,2025-05-01,3
ChemSpecPM25,Arsenic PM2.5,2025-07-01,3
ChemSpecPM25,Arsenic PM2.5,2024-09-01,2
ChemSpecPM25,Arsenic PM2.5,2025-06-01,2
ChemSpecPM25,Arsenic PM2.5,2026-01-01,2
ChemSpecPM25,Arsenic PM2.5,2025-08-01,1
ChemSpecPM25,BC PM2.5,2024-01-01,11
ChemSpecPM25,BC PM2.5,2024-03-01,11
ChemSpecPM25,BC PM2.5,2023-04-01,10
ChemSpecPM25,BC PM2.5,2023-06-01,10
ChemSpecPM25,BC PM2.5,2023-07-01,10
ChemSpecPM25,BC PM2.5,2023-11-01,10
ChemSpecPM25,BC PM2.5,2023-12-01,10
ChemSpecPM25,BC PM2.5,2024-04-01,10
ChemSpecPM25,BC PM2.5,2024-07-01,10
ChemSpecPM25,BC PM2.5,2022-12-01,9
ChemSpecPM25,BC PM2.5,2023-01-01,9
ChemSpecPM25,BC PM2.5,2023-02-01,9
ChemSpecPM25,BC PM2.5,2023-08-01,9
ChemSpecPM25,BC PM2.5,2023-09-01,9
ChemSpecPM25,BC PM2.5,2024-02-01,9
ChemSpecPM25,BC PM2.5,2024-06-01,9
ChemSpecPM25,BC PM2.5,2023-03-01,8
ChemSpecPM25,BC PM2.5,2023-05-01,8
ChemSpecPM25,BC PM2.5,2025-12-01,8
ChemSpecPM25,BC PM2.5,2023-10-01,6
ChemSpecPM25,BC PM2.5,2024-08-01,5
ChemSpecPM25,BC PM2.5,2024-05-01,4
ChemSpecPM25,BC PM2.5,2025-11-01,4
ChemSpecPM25,BC PM2.5,2024-10-01,3
ChemSpecPM25,BC PM2.5,2024-11-01,3
ChemSpecPM25,BC PM2.5,2024-12-01,3
ChemSpecPM25,BC PM2.5,2025-01-01,3
ChemSpecPM25,BC PM2.5,2025-02-01,3
ChemSpecPM25,BC PM2.5,2025-03-01,3
ChemSpecPM25,BC PM2.5,2025-04-01,3
ChemSpecPM25,BC PM2.5,2025-05-01,3
ChemSpecPM25,BC PM2.5,2025-07-01,3
ChemSpecPM25,BC PM2.5,2024-09-01,2
ChemSpecPM25,BC PM2.5,2025-06-01,2
ChemSpecPM25,BC PM2.5,2026-01-01,2
ChemSpecPM25,BC PM2.5,2025-08-01,1
ChemSpecPM25,Bromide Ion PM2.5,2024-08-01,2
ChemSpecPM25,Cadmium PM2.5,2024-01-01,11
ChemSpecPM25,Cadmium PM2.5,2024-03-01,11
ChemSpecPM25,Cadmium PM2.5,2023-04-01,10
ChemSpecPM25,Cadmium PM2.5,2023-06-01,10
ChemSpecPM25,Cadmium PM2.5,2023-07-01,10
ChemSpecPM25,Cadmium PM2.5,2023-11-01,10
ChemSpecPM25,Cadmium PM2.5,2023-12-01,10
ChemSpecPM25,Cadmium PM2.5,2024-04-01,10
ChemSpecPM25,Cadmium PM2.5,2024-07-01,10
ChemSpecPM25,Cadmium PM2.5,2022-12-01,9
ChemSpecPM25,Cadmium PM2.5,2023-01-01,9
ChemSpecPM25,Cadmium PM2.5,2023-02-01,9
ChemSpecPM25,Cadmium PM2.5,2023-08-01,9
ChemSpecPM25,Cadmium PM2.5,2023-09-01,9
ChemSpecPM25,Cadmium PM2.5,2024-02-01,9
ChemSpecPM25,Cadmium PM2.5,2024-06-01,9
ChemSpecPM25,Cadmium PM2.5,2023-03-01,8
ChemSpecPM25,Cadmium PM2.5,2023-05-01,8
ChemSpecPM25,Cadmium PM2.5,2025-12-01,8
ChemSpecPM25,Cadmium PM2.5,2023-10-01,6
ChemSpecPM25,Cadmium PM2.5,2024-08-01,5
ChemSpecPM25,Cadmium PM2.5,2024-05-01,4
ChemSpecPM25,Cadmium PM2.5,2025-11-01,4
ChemSpecPM25,Cadmium PM2.5,2024-10-01,3
ChemSpecPM25,Cadmium PM2.5,2024-11-01,3
ChemSpecPM25,Cadmium PM2.5,2024-12-01,3
ChemSpecPM25,Cadmium PM2.5,2025-01-01,3
ChemSpecPM25,Cadmium PM2.5,2025-02-01,3
ChemSpecPM25,Cadmium PM2.5,2025-03-01,3
ChemSpecPM25,Cadmium PM2.5,2025-04-01,3
ChemSpecPM25,Cadmium PM2.5,2025-05-01,3
ChemSpecPM25,Cadmium PM2.5,2025-07-01,3
ChemSpecPM25,Cadmium PM2.5,2024-09-01,2
ChemSpecPM25,Cadmium PM2.5,2025-06-01,2
ChemSpecPM25,Cadmium PM2.5,2026-01-01,2
ChemSpecPM25,Cadmium PM2.5,2025-08-01,1
ChemSpecPM25,Calcium Ion PM2.5,2024-07-01,15
ChemSpecPM25,Calcium Ion PM2.5,2024-01-01,11
ChemSpecPM25,Calcium Ion PM2.5,2024-03-01,11
ChemSpecPM25,Calcium Ion PM2.5,2023-04-01,10
ChemSpecPM25,Calcium Ion PM2.5,2023-06-01,10
ChemSpecPM25,Calcium Ion PM2.5,2023-07-01,10
ChemSpecPM25,Calcium Ion PM2.5,2023-11-01,10
ChemSpecPM25,Calcium Ion PM2.5,2023-12-01,10
ChemSpecPM25,Calcium Ion PM2.5,2024-04-01,10
ChemSpecPM25,Calcium Ion PM2.5,2024-08-01,10
ChemSpecPM25,Calcium Ion PM2.5,2022-12-01,9
ChemSpecPM25,Calcium Ion PM2.5,2023-01-01,9
ChemSpecPM25,Calcium Ion PM2.5,2023-02-01,9
ChemSpecPM25,Calcium Ion PM2.5,2023-08-01,9
ChemSpecPM25,Calcium Ion PM2.5,2023-09-01,9
ChemSpecPM25,Calcium Ion PM2.5,2024-02-01,9
ChemSpecPM25,Calcium Ion PM2.5,2024-06-01,9
ChemSpecPM25,Calcium Ion PM2.5,2023-03-01,8
ChemSpecPM25,Calcium Ion PM2.5,2023-05-01,8
ChemSpecPM25,Calcium Ion PM2.5,2023-10-01,6
ChemSpecPM25,Calcium Ion PM2.5,2024-12-01,6
ChemSpecPM25,Calcium Ion PM2.5,2025-02-01,6
ChemSpecPM25,Calcium Ion PM2.5,2025-03-01,6
ChemSpecPM25,Calcium Ion PM2.5,2025-04-01,6
ChemSpecPM25,Calcium Ion PM2.5,2025-05-01,6
ChemSpecPM25,Calcium Ion PM2.5,2024-10-01,5
ChemSpecPM25,Calcium Ion PM2.5,2024-05-01,4
ChemSpecPM25,Calcium Ion PM2.5,2024-09-01,4
ChemSpecPM25,Calcium Ion PM2.5,2024-11-01,4
ChemSpecPM25,Calcium Ion PM2.5,2025-01-01,3
ChemSpecPM25,Calcium Ion PM2.5,2025-07-01,3
ChemSpecPM25,Calcium Ion PM2.5,2025-06-01,2
ChemSpecPM25,Calcium Ion PM2.5,2025-08-01,1
ChemSpecPM25,Calcium PM2.5,2024-01-01,11
ChemSpecPM25,Calcium PM2.5,2024-03-01,11
ChemSpecPM25,Calcium PM2.5,2023-04-01,10
ChemSpecPM25,Calcium PM2.5,2023-06-01,10
ChemSpecPM25,Calcium PM2.5,2023-07-01,10
ChemSpecPM25,Calcium PM2.5,2023-11-01,10
ChemSpecPM25,Calcium PM2.5,2023-12-01,10
ChemSpecPM25,Calcium PM2.5,2024-04-01,10
ChemSpecPM25,Calcium PM2.5,2024-07-01,10
ChemSpecPM25,Calcium PM2.5,2022-12-01,9
ChemSpecPM25,Calcium PM2.5,2023-01-01,9
ChemSpecPM25,Calcium PM2.5,2023-02-01,9
ChemSpecPM25,Calcium PM2.5,2023-08-01,9
ChemSpecPM25,Calcium PM2.5,2023-09-01,9
ChemSpecPM25,Calcium PM2.5,2024-02-01,9
ChemSpecPM25,Calcium PM2.5,2024-06-01,9
ChemSpecPM25,Calcium PM2.5,2023-03-01,8
ChemSpecPM25,Calcium PM2.5,2023-05-01,8
ChemSpecPM25,Calcium PM2.5,2025-12-01,8
ChemSpecPM25,Calcium PM2.5,2023-10-01,6
ChemSpecPM25,Calcium PM2.5,2024-08-01,5
ChemSpecPM25,Calcium PM2.5,2024-05-01,4
ChemSpecPM25,Calcium PM2.5,2025-11-01,4
ChemSpecPM25,Calcium PM2.5,2024-10-01,3
ChemSpecPM25,Calcium PM2.5,2024-11-01,3
ChemSpecPM25,Calcium PM2.5,2024-12-01,3
ChemSpecPM25,Calcium PM2.5,2025-01-01,3
ChemSpecPM25,Calcium PM2.5,2025-02-01,3
ChemSpecPM25,Calcium PM2.5,2025-03-01,3
ChemSpecPM25,Calcium PM2.5,2025-04-01,3
ChemSpecPM25,Calcium PM2.5,2025-05-01,3
ChemSpecPM25,Calcium PM2.5,2025-07-01,3
ChemSpecPM25,Calcium PM2.5,2024-09-01,2
ChemSpecPM25,Calcium PM2.5,2025-06-01,2
ChemSpecPM25,Calcium PM2.5,2026-01-01,2
ChemSpecPM25,Calcium PM2.5,2025-08-01,1
ChemSpecPM25,Cerium PM2.5,2024-01-01,11
ChemSpecPM25,Cerium PM2.5,2024-03-01,11
ChemSpecPM25,Cerium PM2.5,2023-04-01,10
ChemSpecPM25,Cerium PM2.5,2023-06-01,10
ChemSpecPM25,Cerium PM2.5,2023-07-01,10
ChemSpecPM25,Cerium PM2.5,2023-11-01,10
ChemSpecPM25,Cerium PM2.5,2023-12-01,10
ChemSpecPM25,Cerium PM2.5,2024-04-01,10
ChemSpecPM25,Cerium PM2.5,2024-07-01,10
ChemSpecPM25,Cerium PM2.5,2022-12-01,9
ChemSpecPM25,Cerium PM2.5,2023-01-01,9
ChemSpecPM25,Cerium PM2.5,2023-02-01,9
ChemSpecPM25,Cerium PM2.5,2023-08-01,9
ChemSpecPM25,Cerium PM2.5,2023-09-01,9
ChemSpecPM25,Cerium PM2.5,2024-02-01,9
ChemSpecPM25,Cerium PM2.5,2024-06-01,9
ChemSpecPM25,Cerium PM2.5,2023-03-01,8
ChemSpecPM25,Cerium PM2.5,2023-05-01,8
ChemSpecPM25,Cerium PM2.5,2025-12-01,8
ChemSpecPM25,Cerium PM2.5,2023-10-01,6
ChemSpecPM25,Cerium PM2.5,2024-08-01,5
ChemSpecPM25,Cerium PM2.5,2024-05-01,4
ChemSpecPM25,Cerium PM2.5,2025-11-01,4
ChemSpecPM25,Cerium PM2.5,2024-10-01,3
ChemSpecPM25,Cerium PM2.5,2024-11-01,3
ChemSpecPM25,Cerium PM2.5,2024-12-01,3
ChemSpecPM25,Cerium PM2.5,2025-01-01,3
ChemSpecPM25,Cerium PM2.5,2025-02-01,3
ChemSpecPM25,Cerium PM2.5,2025-03-01,3
ChemSpecPM25,Cerium PM2.5,2025-04-01,3
ChemSpecPM25,Cerium PM2.5,2025-05-01,3
ChemSpecPM25,Cerium PM2.5,2025-07-01,3
ChemSpecPM25,Cerium PM2.5,2024-09-01,2
ChemSpecPM25,Cerium PM2.5,2025-06-01,2
ChemSpecPM25,Cerium PM2.5,2026-01-01,2
ChemSpecPM25,Cerium PM2.5,2025-08-01,1
ChemSpecPM25,Chlorine PM2.5,2024-01-01,11
ChemSpecPM25,Chlorine PM2.5,2024-03-01,11
ChemSpecPM25,Chlorine PM2.5,2023-04-01,10
ChemSpecPM25,Chlorine PM2.5,2023-06-01,10
ChemSpecPM25,Chlorine PM2.5,2023-07-01,10
ChemSpecPM25,Chlorine PM2.5,2023-11-01,10
ChemSpecPM25,Chlorine PM2.5,2023-12-01,10
ChemSpecPM25,Chlorine PM2.5,2024-04-01,10
ChemSpecPM25,Chlorine PM2.5,2024-07-01,10
ChemSpecPM25,Chlorine PM2.5,2022-12-01,9
ChemSpecPM25,Chlorine PM2.5,2023-01-01,9
ChemSpecPM25,Chlorine PM2.5,2023-02-01,9
ChemSpecPM25,Chlorine PM2.5,2023-08-01,9
ChemSpecPM25,Chlorine PM2.5,2023-09-01,9
ChemSpecPM25,Chlorine PM2.5,2024-02-01,9
ChemSpecPM25,Chlorine PM2.5,2024-06-01,9
ChemSpecPM25,Chlorine PM2.5,2023-03-01,8
ChemSpecPM25,Chlorine PM2.5,2023-05-01,8
ChemSpecPM25,Chlorine PM2.5,2025-12-01,8
ChemSpecPM25,Chlorine PM2.5,2023-10-01,6
ChemSpecPM25,Chlorine PM2.5,2024-08-01,5
ChemSpecPM25,Chlorine PM2.5,2024-05-01,4
ChemSpecPM25,Chlorine PM2.5,2025-11-01,4
ChemSpecPM25,Chlorine PM2.5,2024-10-01,3
ChemSpecPM25,Chlorine PM2.5,2024-11-01,3
ChemSpecPM25,Chlorine PM2.5,2024-12-01,3
ChemSpecPM25,Chlorine PM2.5,2025-01-01,3
ChemSpecPM25,Chlorine PM2.5,2025-02-01,3
ChemSpecPM25,Chlorine PM2.5,2025-03-01,3
ChemSpecPM25,Chlorine PM2.5,2025-04-01,3
ChemSpecPM25,Chlorine PM2.5,2025-05-01,3
ChemSpecPM25,Chlorine PM2.5,2025-07-01,3
ChemSpecPM25,Chlorine PM2.5,2024-09-01,2
ChemSpecPM25,Chlorine PM2.5,2025-06-01,2
ChemSpecPM25,Chlorine PM2.5,2026-01-01,2
ChemSpecPM25,Chlorine PM2.5,2025-08-01,1
ChemSpecPM25,Chromium PM2.5,2024-01-01,11
ChemSpecPM25,Chromium PM2.5,2024-03-01,11
ChemSpecPM25,Chromium PM2.5,2023-04-01,10
ChemSpecPM25,Chromium PM2.5,2023-06-01,10
ChemSpecPM25,Chromium PM2.5,2023-07-01,10
ChemSpecPM25,Chromium PM2.5,2023-11-01,10
ChemSpecPM25,Chromium PM2.5,2023-12-01,10
ChemSpecPM25,Chromium PM2.5,2024-04-01,10
ChemSpecPM25,Chromium PM2.5,2024-07-01,10
ChemSpecPM25,Chromium PM2.5,2022-12-01,9
ChemSpecPM25,Chromium PM2.5,2023-01-01,9
ChemSpecPM25,Chromium PM2.5,2023-02-01,9
ChemSpecPM25,Chromium PM2.5,2023-08-01,9
ChemSpecPM25,Chromium PM2.5,2023-09-01,9
ChemSpecPM25,Chromium PM2.5,2024-02-01,9
ChemSpecPM25,Chromium PM2.5,2024-06-01,9
ChemSpecPM25,Chromium PM2.5,2023-03-01,8
ChemSpecPM25,Chromium PM2.5,2023-05-01,8
ChemSpecPM25,Chromium PM2.5,2025-12-01,8
ChemSpecPM25,Chromium PM2.5,2023-10-01,6
ChemSpecPM25,Chromium PM2.5,2024-08-01,5
ChemSpecPM25,Chromium PM2.5,2024-05-01,4
ChemSpecPM25,Chromium PM2.5,2025-11-01,4
ChemSpecPM25,Chromium PM2.5,2024-10-01,3
ChemSpecPM25,Chromium PM2.5,2024-11-01,3
ChemSpecPM25,Chromium PM2.5,2024-12-01,3
ChemSpecPM25,Chromium PM2.5,2025-01-01,3
ChemSpecPM25,Chromium PM2.5,2025-02-01,3
ChemSpecPM25,Chromium PM2.5,2025-03-01,3
ChemSpecPM25,Chromium PM2.5,2025-04-01,3
ChemSpecPM25,Chromium PM2.5,2025-05-01,3
ChemSpecPM25,Chromium PM2.5,2025-07-01,3
ChemSpecPM25,Chromium PM2.5,2024-09-01,2
ChemSpecPM25,Chromium PM2.5,2025-06-01,2
ChemSpecPM25,Chromium PM2.5,2026-01-01,2
ChemSpecPM25,Chromium PM2.5,2025-08-01,1
ChemSpecPM25,Cobalt PM2.5,2024-01-01,11
ChemSpecPM25,Cobalt PM2.5,2024-03-01,11
ChemSpecPM25,Cobalt PM2.5,2023-04-01,10
ChemSpecPM25,Cobalt PM2.5,2023-06-01,10
ChemSpecPM25,Cobalt PM2.5,2023-07-01,10
ChemSpecPM25,Cobalt PM2.5,2023-11-01,10
ChemSpecPM25,Cobalt PM2.5,2023-12-01,10
ChemSpecPM25,Cobalt PM2.5,2024-04-01,10
ChemSpecPM25,Cobalt PM2.5,2024-07-01,10
ChemSpecPM25,Cobalt PM2.5,2022-12-01,9
ChemSpecPM25,Cobalt PM2.5,2023-01-01,9
ChemSpecPM25,Cobalt PM2.5,2023-02-01,9
ChemSpecPM25,Cobalt PM2.5,2023-08-01,9
ChemSpecPM25,Cobalt PM2.5,2023-09-01,9
ChemSpecPM25,Cobalt PM2.5,2024-02-01,9
ChemSpecPM25,Cobalt PM2.5,2024-06-01,9
ChemSpecPM25,Cobalt PM2.5,2023-03-01,8
ChemSpecPM25,Cobalt PM2.5,2023-05-01,8
ChemSpecPM25,Cobalt PM2.5,2025-12-01,8
ChemSpecPM25,Cobalt PM2.5,2023-10-01,6
ChemSpecPM25,Cobalt PM2.5,2024-08-01,5
ChemSpecPM25,Cobalt PM2.5,2024-05-01,4
ChemSpecPM25,Cobalt PM2.5,2025-11-01,4
ChemSpecPM25,Cobalt PM2.5,2024-10-01,3
ChemSpecPM25,Cobalt PM2.5,2024-11-01,3
ChemSpecPM25,Cobalt PM2.5,2024-12-01,3
ChemSpecPM25,Cobalt PM2.5,2025-01-01,3
ChemSpecPM25,Cobalt PM2.5,2025-02-01,3
ChemSpecPM25,Cobalt PM2.5,2025-03-01,3
ChemSpecPM25,Cobalt PM2.5,2025-04-01,3
ChemSpecPM25,Cobalt PM2.5,2025-05-01,3
ChemSpecPM25,Cobalt PM2.5,2025-07-01,3
ChemSpecPM25,Cobalt PM2.5,2024-09-01,2
ChemSpecPM25,Cobalt PM2.5,2025-06-01,2
ChemSpecPM25,Cobalt PM2.5,2026-01-01,2
ChemSpecPM25,Cobalt PM2.5,2025-08-01,1
ChemSpecPM25,Copper PM2.5,2024-01-01,11
ChemSpecPM25,Copper PM2.5,2024-03-01,11
ChemSpecPM25,Copper PM2.5,2023-04-01,10
ChemSpecPM25,Copper PM2.5,2023-06-01,10
ChemSpecPM25,Copper PM2.5,2023-07-01,10
ChemSpecPM25,Copper PM2.5,2023-11-01,10
ChemSpecPM25,Copper PM2.5,2023-12-01,10
ChemSpecPM25,Copper PM2.5,2024-04-01,10
ChemSpecPM25,Copper PM2.5,2024-07-01,10
ChemSpecPM25,Copper PM2.5,2022-12-01,9
ChemSpecPM25,Copper PM2.5,2023-01-01,9
ChemSpecPM25,Copper PM2.5,2023-02-01,9
ChemSpecPM25,Copper PM2.5,2023-08-01,9
ChemSpecPM25,Copper PM2.5,2023-09-01,9
ChemSpecPM25,Copper PM2.5,2024-02-01,9
ChemSpecPM25,Copper PM2.5,2024-06-01,9
ChemSpecPM25,Copper PM2.5,2023-03-01,8
ChemSpecPM25,Copper PM2.5,2023-05-01,8
ChemSpecPM25,Copper PM2.5,2025-12-01,8
ChemSpecPM25,Copper PM2.5,2023-10-01,6
ChemSpecPM25,Copper PM2.5,2024-08-01,5
ChemSpecPM25,Copper PM2.5,2024-05-01,4
ChemSpecPM25,Copper PM2.5,2025-11-01,4
ChemSpecPM25,Copper PM2.5,2024-10-01,3
ChemSpecPM25,Copper PM2.5,2024-11-01,3
ChemSpecPM25,Copper PM2.5,2024-12-01,3
ChemSpecPM25,Copper PM2.5,2025-01-01,3
ChemSpecPM25,Copper PM2.5,2025-02-01,3
ChemSpecPM25,Copper PM2.5,2025-03-01,3
ChemSpecPM25,Copper PM2.5,2025-04-01,3
ChemSpecPM25,Copper PM2.5,2025-05-01,3
ChemSpecPM25,Copper PM2.5,2025-07-01,3
ChemSpecPM25,Copper PM2.5,2024-09-01,2
ChemSpecPM25,Copper PM2.5,2025-06-01,2
ChemSpecPM25,Copper PM2.5,2026-01-01,2
ChemSpecPM25,Copper PM2.5,2025-08-01,1
ChemSpecPM25,EC PM2.5,2024-01-01,11
ChemSpecPM25,EC PM2.5,2024-03-01,11
ChemSpecPM25,EC PM2.5,2023-04-01,10
ChemSpecPM25,EC PM2.5,2023-06-01,10
ChemSpecPM25,EC PM2.5,2023-07-01,10
ChemSpecPM25,EC PM2.5,2023-11-01,10
ChemSpecPM25,EC PM2.5,2023-12-01,10
ChemSpecPM25,EC PM2.5,2024-04-01,10
ChemSpecPM25,EC PM2.5,2024-07-01,10
ChemSpecPM25,EC PM2.5,2022-12-01,9
ChemSpecPM25,EC PM2.5,2023-01-01,9
ChemSpecPM25,EC PM2.5,2023-02-01,9
ChemSpecPM25,EC PM2.5,2023-08-01,9
ChemSpecPM25,EC PM2.5,2023-09-01,9
ChemSpecPM25,EC PM2.5,2024-02-01,9
ChemSpecPM25,EC PM2.5,2024-06-01,9
ChemSpecPM25,EC PM2.5,2023-03-01,8
ChemSpecPM25,EC PM2.5,2023-05-01,8
ChemSpecPM25,EC PM2.5,2025-12-01,8
ChemSpecPM25,EC PM2.5,2023-10-01,6
ChemSpecPM25,EC PM2.5,2024-08-01,5
ChemSpecPM25,EC PM2.5,2024-05-01,4
ChemSpecPM25,EC PM2.5,2025-11-01,4
ChemSpecPM25,EC PM2.5,2024-10-01,3
ChemSpecPM25,EC PM2.5,2024-11-01,3
ChemSpecPM25,EC PM2.5,2024-12-01,3
ChemSpecPM25,EC PM2.5,2025-01-01,3
ChemSpecPM25,EC PM2.5,2025-02-01,3
ChemSpecPM25,EC PM2.5,2025-03-01,3
ChemSpecPM25,EC PM2.5,2025-04-01,3
ChemSpecPM25,EC PM2.5,2025-05-01,3
ChemSpecPM25,EC PM2.5,2025-07-01,3
ChemSpecPM25,EC PM2.5,2024-09-01,2
ChemSpecPM25,EC PM2.5,2025-06-01,2
ChemSpecPM25,EC PM2.5,2026-01-01,2
ChemSpecPM25,EC PM2.5,2025-08-01,1
ChemSpecPM25,Filter PM2.5 mass,2024-01-01,11
ChemSpecPM25,Filter PM2.5 mass,2024-03-01,11
ChemSpecPM25,Filter PM2.5 mass,2023-04-01,10
ChemSpecPM25,Filter PM2.5 mass,2023-06-01,10
ChemSpecPM25,Filter PM2.5 mass,2023-07-01,10
ChemSpecPM25,Filter PM2.5 mass,2023-11-01,10
ChemSpecPM25,Filter PM2.5 mass,2023-12-01,10
ChemSpecPM25,Filter PM2.5 mass,2024-04-01,10
ChemSpecPM25,Filter PM2.5 mass,2024-07-01,10
ChemSpecPM25,Filter PM2.5 mass,2022-12-01,9
ChemSpecPM25,Filter PM2.5 mass,2023-01-01,9
ChemSpecPM25,Filter PM2.5 mass,2023-02-01,9
ChemSpecPM25,Filter PM2.5 mass,2023-08-01,9
ChemSpecPM25,Filter PM2.5 mass,2023-09-01,9
ChemSpecPM25,Filter PM2.5 mass,2024-02-01,9
ChemSpecPM25,Filter PM2.5 mass,2024-06-01,9
ChemSpecPM25,Filter PM2.5 mass,2023-03-01,8
ChemSpecPM25,Filter PM2.5 mass,2023-05-01,8
ChemSpecPM25,Filter PM2.5 mass,2025-12-01,8
ChemSpecPM25,Filter PM2.5 mass,2026-01-01,8
ChemSpecPM25,Filter PM2.5 mass,2026-02-01,7
ChemSpecPM25,Filter PM2.5 mass,2023-10-01,6
ChemSpecPM25,Filter PM2.5 mass,2024-08-01,5
ChemSpecPM25,Filter PM2.5 mass,2024-05-01,4
ChemSpecPM25,Filter PM2.5 mass,2025-11-01,4
ChemSpecPM25,Filter PM2.5 mass,2024-10-01,3
ChemSpecPM25,Filter PM2.5 mass,2024-11-01,3
ChemSpecPM25,Filter PM2.5 mass,2024-12-01,3
ChemSpecPM25,Filter PM2.5 mass,2025-01-01,3
ChemSpecPM25,Filter PM2.5 mass,2025-02-01,3
ChemSpecPM25,Filter PM2.5 mass,2025-03-01,3
ChemSpecPM25,Filter PM2.5 mass,2025-04-01,3
ChemSpecPM25,Filter PM2.5 mass,2025-05-01,3
ChemSpecPM25,Filter PM2.5 mass,2025-07-01,3
ChemSpecPM25,Filter PM2.5 mass,2024-09-01,2
ChemSpecPM25,Filter PM2.5 mass,2025-06-01,2
ChemSpecPM25,Filter PM2.5 mass,2025-08-01,1
ChemSpecPM25,Filter PM2.5 mass,2026-03-01,1
ChemSpecPM25,Iron PM2.5,2024-01-01,11
ChemSpecPM25,Iron PM2.5,2024-03-01,11
ChemSpecPM25,Iron PM2.5,2023-04-01,10
ChemSpecPM25,Iron PM2.5,2023-06-01,10
ChemSpecPM25,Iron PM2.5,2023-07-01,10
ChemSpecPM25,Iron PM2.5,2023-11-01,10
ChemSpecPM25,Iron PM2.5,2023-12-01,10
ChemSpecPM25,Iron PM2.5,2024-04-01,10
ChemSpecPM25,Iron PM2.5,2024-07-01,10
ChemSpecPM25,Iron PM2.5,2022-12-01,9
ChemSpecPM25,Iron PM2.5,2023-01-01,9
ChemSpecPM25,Iron PM2.5,2023-02-01,9
ChemSpecPM25,Iron PM2.5,2023-08-01,9
ChemSpecPM25,Iron PM2.5,2023-09-01,9
ChemSpecPM25,Iron PM2.5,2024-02-01,9
ChemSpecPM25,Iron PM2.5,2024-06-01,9
ChemSpecPM25,Iron PM2.5,2023-03-01,8
ChemSpecPM25,Iron PM2.5,2023-05-01,8
ChemSpecPM25,Iron PM2.5,2025-12-01,8
ChemSpecPM25,Iron PM2.5,2023-10-01,6
ChemSpecPM25,Iron PM2.5,2024-08-01,5
ChemSpecPM25,Iron PM2.5,2024-05-01,4
ChemSpecPM25,Iron PM2.5,2025-11-01,4
ChemSpecPM25,Iron PM2.5,2024-10-01,3
ChemSpecPM25,Iron PM2.5,2024-11-01,3
ChemSpecPM25,Iron PM2.5,2024-12-01,3
ChemSpecPM25,Iron PM2.5,2025-01-01,3
ChemSpecPM25,Iron PM2.5,2025-02-01,3
ChemSpecPM25,Iron PM2.5,2025-03-01,3
ChemSpecPM25,Iron PM2.5,2025-04-01,3
ChemSpecPM25,Iron PM2.5,2025-05-01,3
ChemSpecPM25,Iron PM2.5,2025-07-01,3
ChemSpecPM25,Iron PM2.5,2024-09-01,2
ChemSpecPM25,Iron PM2.5,2025-06-01,2
ChemSpecPM25,Iron PM2.5,2026-01-01,2
ChemSpecPM25,Iron PM2.5,2025-08-01,1
ChemSpecPM25,Lead PM2.5,2024-01-01,11
ChemSpecPM25,Lead PM2.5,2024-03-01,11
ChemSpecPM25,Lead PM2.5,2023-04-01,10
ChemSpecPM25,Lead PM2.5,2023-06-01,10
ChemSpecPM25,Lead PM2.5,2023-07-01,10
ChemSpecPM25,Lead PM2.5,2023-11-01,10
ChemSpecPM25,Lead PM2.5,2023-12-01,10
ChemSpecPM25,Lead PM2.5,2024-04-01,10
ChemSpecPM25,Lead PM2.5,2024-07-01,10
ChemSpecPM25,Lead PM2.5,2022-12-01,9
ChemSpecPM25,Lead PM2.5,2023-01-01,9
ChemSpecPM25,Lead PM2.5,2023-02-01,9
ChemSpecPM25,Lead PM2.5,2023-08-01,9
ChemSpecPM25,Lead PM2.5,2023-09-01,9
ChemSpecPM25,Lead PM2.5,2024-02-01,9
ChemSpecPM25,Lead PM2.5,2024-06-01,9
ChemSpecPM25,Lead PM2.5,2023-03-01,8
ChemSpecPM25,Lead PM2.5,2023-05-01,8
ChemSpecPM25,Lead PM2.5,2025-12-01,8
ChemSpecPM25,Lead PM2.5,2023-10-01,6
ChemSpecPM25,Lead PM2.5,2024-08-01,5
ChemSpecPM25,Lead PM2.5,2024-05-01,4
ChemSpecPM25,Lead PM2.5,2025-11-01,4
ChemSpecPM25,Lead PM2.5,2024-10-01,3
ChemSpecPM25,Lead PM2.5,2024-11-01,3
ChemSpecPM25,Lead PM2.5,2024-12-01,3
ChemSpecPM25,Lead PM2.5,2025-01-01,3
ChemSpecPM25,Lead PM2.5,2025-02-01,3
ChemSpecPM25,Lead PM2.5,2025-03-01,3
ChemSpecPM25,Lead PM2.5,2025-04-01,3
ChemSpecPM25,Lead PM2.5,2025-05-01,3
ChemSpecPM25,Lead PM2.5,2025-07-01,3
ChemSpecPM25,Lead PM2.5,2024-09-01,2
ChemSpecPM25,Lead PM2.5,2025-06-01,2
ChemSpecPM25,Lead PM2.5,2026-01-01,2
ChemSpecPM25,Lead PM2.5,2025-08-01,1
ChemSpecPM25,Magnesium Ion PM2.5,2024-07-01,15
ChemSpecPM25,Magnesium Ion PM2.5,2024-03-01,11
ChemSpecPM25,Magnesium Ion PM2.5,2023-04-01,10
ChemSpecPM25,Magnesium Ion PM2.5,2023-06-01,10
ChemSpecPM25,Magnesium Ion PM2.5,2023-07-01,10
ChemSpecPM25,Magnesium Ion PM2.5,2023-12-01,10
ChemSpecPM25,Magnesium Ion PM2.5,2024-04-01,10
ChemSpecPM25,Magnesium Ion PM2.5,2024-08-01,10
ChemSpecPM25,Magnesium Ion PM2.5,2022-12-01,9
ChemSpecPM25,Magnesium Ion PM2.5,2023-01-01,9
ChemSpecPM25,Magnesium Ion PM2.5,2023-02-01,9
ChemSpecPM25,Magnesium Ion PM2.5,2023-08-01,9
ChemSpecPM25,Magnesium Ion PM2.5,2023-09-01,9
ChemSpecPM25,Magnesium Ion PM2.5,2024-06-01,9
ChemSpecPM25,Magnesium Ion PM2.5,2023-03-01,8
ChemSpecPM25,Magnesium Ion PM2.5,2023-05-01,8
ChemSpecPM25,Magnesium Ion PM2.5,2023-11-01,8
ChemSpecPM25,Magnesium Ion PM2.5,2024-02-01,6
ChemSpecPM25,Magnesium Ion PM2.5,2024-12-01,6
ChemSpecPM25,Magnesium Ion PM2.5,2025-02-01,6
ChemSpecPM25,Magnesium Ion PM2.5,2025-03-01,6
ChemSpecPM25,Magnesium Ion PM2.5,2025-04-01,6
ChemSpecPM25,Magnesium Ion PM2.5,2025-05-01,6
ChemSpecPM25,Magnesium Ion PM2.5,2024-01-01,5
ChemSpecPM25,Magnesium Ion PM2.5,2024-10-01,5
ChemSpecPM25,Magnesium Ion PM2.5,2023-10-01,4
ChemSpecPM25,Magnesium Ion PM2.5,2024-05-01,4
ChemSpecPM25,Magnesium Ion PM2.5,2024-09-01,4
ChemSpecPM25,Magnesium Ion PM2.5,2024-11-01,4
ChemSpecPM25,Magnesium Ion PM2.5,2025-01-01,3
ChemSpecPM25,Magnesium Ion PM2.5,2025-07-01,3
ChemSpecPM25,Magnesium Ion PM2.5,2025-06-01,2
ChemSpecPM25,Magnesium Ion PM2.5,2025-08-01,1
ChemSpecPM25,Magnesium PM2.5,2024-01-01,11
ChemSpecPM25,Magnesium PM2.5,2024-03-01,11
ChemSpecPM25,Magnesium PM2.5,2023-04-01,10
ChemSpecPM25,Magnesium PM2.5,2023-06-01,10
ChemSpecPM25,Magnesium PM2.5,2023-07-01,10
ChemSpecPM25,Magnesium PM2.5,2023-11-01,10
ChemSpecPM25,Magnesium PM2.5,2023-12-01,10
ChemSpecPM25,Magnesium PM2.5,2024-04-01,10
ChemSpecPM25,Magnesium PM2.5,2024-07-01,10
ChemSpecPM25,Magnesium PM2.5,2022-12-01,9
ChemSpecPM25,Magnesium PM2.5,2023-01-01,9
ChemSpecPM25,Magnesium PM2.5,2023-02-01,9
ChemSpecPM25,Magnesium PM2.5,2023-08-01,9
ChemSpecPM25,Magnesium PM2.5,2023-09-01,9
ChemSpecPM25,Magnesium PM2.5,2024-02-01,9
ChemSpecPM25,Magnesium PM2.5,2024-06-01,9
ChemSpecPM25,Magnesium PM2.5,2023-03-01,8
ChemSpecPM25,Magnesium PM2.5,2023-05-01,8
ChemSpecPM25,Magnesium PM2.5,2025-12-01,8
ChemSpecPM25,Magnesium PM2.5,2023-10-01,6
ChemSpecPM25,Magnesium PM2.5,2024-08-01,5
ChemSpecPM25,Magnesium PM2.5,2024-05-01,4
ChemSpecPM25,Magnesium PM2.5,2025-11-01,4
ChemSpecPM25,Magnesium PM2.5,2024-10-01,3
ChemSpecPM25,Magnesium PM2.5,2024-11-01,3
ChemSpecPM25,Magnesium PM2.5,2024-12-01,3
ChemSpecPM25,Magnesium PM2.5,2025-01-01,3
ChemSpecPM25,Magnesium PM2.5,2025-02-01,3
ChemSpecPM25,Magnesium PM2.5,2025-03-01,3
ChemSpecPM25,Magnesium PM2.5,2025-04-01,3
ChemSpecPM25,Magnesium PM2.5,2025-05-01,3
ChemSpecPM25,Magnesium PM2.5,2025-07-01,3
ChemSpecPM25,Magnesium PM2.5,2024-09-01,2
ChemSpecPM25,Magnesium PM2.5,2025-06-01,2
ChemSpecPM25,Magnesium PM2.5,2026-01-01,2
ChemSpecPM25,Magnesium PM2.5,2025-08-01,1
ChemSpecPM25,Manganese PM2.5,2024-01-01,11
ChemSpecPM25,Manganese PM2.5,2024-03-01,11
ChemSpecPM25,Manganese PM2.5,2023-04-01,10
ChemSpecPM25,Manganese PM2.5,2023-06-01,10
ChemSpecPM25,Manganese PM2.5,2023-07-01,10
ChemSpecPM25,Manganese PM2.5,2023-11-01,10
ChemSpecPM25,Manganese PM2.5,2023-12-01,10
ChemSpecPM25,Manganese PM2.5,2024-04-01,10
ChemSpecPM25,Manganese PM2.5,2024-07-01,10
ChemSpecPM25,Manganese PM2.5,2022-12-01,9
ChemSpecPM25,Manganese PM2.5,2023-01-01,9
ChemSpecPM25,Manganese PM2.5,2023-02-01,9
ChemSpecPM25,Manganese PM2.5,2023-08-01,9
ChemSpecPM25,Manganese PM2.5,2023-09-01,9
ChemSpecPM25,Manganese PM2.5,2024-02-01,9
ChemSpecPM25,Manganese PM2.5,2024-06-01,9
ChemSpecPM25,Manganese PM2.5,2023-03-01,8
ChemSpecPM25,Manganese PM2.5,2023-05-01,8
ChemSpecPM25,Manganese PM2.5,2025-12-01,8
ChemSpecPM25,Manganese PM2.5,2023-10-01,6
ChemSpecPM25,Manganese PM2.5,2024-08-01,5
ChemSpecPM25,Manganese PM2.5,2024-05-01,4
ChemSpecPM25,Manganese PM2.5,2025-11-01,4
ChemSpecPM25,Manganese PM2.5,2024-10-01,3
ChemSpecPM25,Manganese PM2.5,2024-11-01,3
ChemSpecPM25,Manganese PM2.5,2024-12-01,3
ChemSpecPM25,Manganese PM2.5,2025-01-01,3
ChemSpecPM25,Manganese PM2.5,2025-02-01,3
ChemSpecPM25,Manganese PM2.5,2025-03-01,3
ChemSpecPM25,Manganese PM2.5,2025-04-01,3
ChemSpecPM25,Manganese PM2.5,2025-05-01,3
ChemSpecPM25,Manganese PM2.5,2025-07-01,3
ChemSpecPM25,Manganese PM2.5,2024-09-01,2
ChemSpecPM25,Manganese PM2.5,2025-06-01,2
ChemSpecPM25,Manganese PM2.5,2026-01-01,2
ChemSpecPM25,Manganese PM2.5,2025-08-01,1
ChemSpecPM25,Nickel PM2.5,2024-01-01,11
ChemSpecPM25,Nickel PM2.5,2024-03-01,11
ChemSpecPM25,Nickel PM2.5,2023-04-01,10
ChemSpecPM25,Nickel PM2.5,2023-06-01,10
ChemSpecPM25,Nickel PM2.5,2023-07-01,10
ChemSpecPM25,Nickel PM2.5,2023-11-01,10
ChemSpecPM25,Nickel PM2.5,2023-12-01,10
ChemSpecPM25,Nickel PM2.5,2024-04-01,10
ChemSpecPM25,Nickel PM2.5,2024-07-01,10
ChemSpecPM25,Nickel PM2.5,2022-12-01,9
ChemSpecPM25,Nickel PM2.5,2023-01-01,9
ChemSpecPM25,Nickel PM2.5,2023-02-01,9
ChemSpecPM25,Nickel PM2.5,2023-08-01,9
ChemSpecPM25,Nickel PM2.5,2023-09-01,9
ChemSpecPM25,Nickel PM2.5,2024-02-01,9
ChemSpecPM25,Nickel PM2.5,2024-06-01,9
ChemSpecPM25,Nickel PM2.5,2023-03-01,8
ChemSpecPM25,Nickel PM2.5,2023-05-01,8
ChemSpecPM25,Nickel PM2.5,2025-12-01,8
ChemSpecPM25,Nickel PM2.5,2023-10-01,6
ChemSpecPM25,Nickel PM2.5,2024-08-01,5
ChemSpecPM25,Nickel PM2.5,2024-05-01,4
ChemSpecPM25,Nickel PM2.5,2025-11-01,4
ChemSpecPM25,Nickel PM2.5,2024-10-01,3
ChemSpecPM25,Nickel PM2.5,2024-11-01,3
ChemSpecPM25,Nickel PM2.5,2024-12-01,3
ChemSpecPM25,Nickel PM2.5,2025-01-01,3
ChemSpecPM25,Nickel PM2.5,2025-02-01,3
ChemSpecPM25,Nickel PM2.5,2025-03-01,3
ChemSpecPM25,Nickel PM2.5,2025-04-01,3
ChemSpecPM25,Nickel PM2.5,2025-05-01,3
ChemSpecPM25,Nickel PM2.5,2025-07-01,3
ChemSpecPM25,Nickel PM2.5,2024-09-01,2
ChemSpecPM25,Nickel PM2.5,2025-06-01,2
ChemSpecPM25,Nickel PM2.5,2026-01-01,2
ChemSpecPM25,Nickel PM2.5,2025-08-01,1
ChemSpecPM25,Nitrate Ion PM2.5,2024-07-01,15
ChemSpecPM25,Nitrate Ion PM2.5,2024-01-01,11
ChemSpecPM25,Nitrate Ion PM2.5,2024-03-01,11
ChemSpecPM25,Nitrate Ion PM2.5,2023-04-01,10
ChemSpecPM25,Nitrate Ion PM2.5,2023-06-01,10
ChemSpecPM25,Nitrate Ion PM2.5,2023-11-01,10
ChemSpecPM25,Nitrate Ion PM2.5,2023-12-01,10
ChemSpecPM25,Nitrate Ion PM2.5,2024-04-01,10
ChemSpecPM25,Nitrate Ion PM2.5,2024-08-01,10
ChemSpecPM25,Nitrate Ion PM2.5,2022-12-01,9
ChemSpecPM25,Nitrate Ion PM2.5,2023-01-01,9
ChemSpecPM25,Nitrate Ion PM2.5,2023-02-01,9
ChemSpecPM25,Nitrate Ion PM2.5,2023-08-01,9
ChemSpecPM25,Nitrate Ion PM2.5,2023-09-01,9
ChemSpecPM25,Nitrate Ion PM2.5,2024-02-01,9
ChemSpecPM25,Nitrate Ion PM2.5,2024-06-01,9
ChemSpecPM25,Nitrate Ion PM2.5,2023-03-01,8
ChemSpecPM25,Nitrate Ion PM2.5,2023-05-01,8
ChemSpecPM25,Nitrate Ion PM2.5,2023-07-01,8
ChemSpecPM25,Nitrate Ion PM2.5,2023-10-01,6
ChemSpecPM25,Nitrate Ion PM2.5,2024-10-01,6
ChemSpecPM25,Nitrate Ion PM2.5,2024-11-01,6
ChemSpecPM25,Nitrate Ion PM2.5,2024-12-01,6
ChemSpecPM25,Nitrate Ion PM2.5,2025-01-01,6
ChemSpecPM25,Nitrate Ion PM2.5,2025-02-01,6
ChemSpecPM25,Nitrate Ion PM2.5,2025-03-01,6
ChemSpecPM25,Nitrate Ion PM2.5,2025-04-01,6
ChemSpecPM25,Nitrate Ion PM2.5,2025-05-01,6
ChemSpecPM25,Nitrate Ion PM2.5,2024-05-01,4
ChemSpecPM25,Nitrate Ion PM2.5,2024-09-01,4
ChemSpecPM25,Nitrate Ion PM2.5,2025-07-01,3
ChemSpecPM25,Nitrate Ion PM2.5,2025-06-01,2
ChemSpecPM25,Nitrate Ion PM2.5,2025-08-01,1
ChemSpecPM25,Nitrite Ion PM2.5,2024-07-01,15
ChemSpecPM25,Nitrite Ion PM2.5,2024-04-01,10
ChemSpecPM25,Nitrite Ion PM2.5,2023-02-01,9
ChemSpecPM25,Nitrite Ion PM2.5,2023-08-01,9
ChemSpecPM25,Nitrite Ion PM2.5,2023-09-01,9
ChemSpecPM25,Nitrite Ion PM2.5,2024-03-01,9
ChemSpecPM25,Nitrite Ion PM2.5,2024-06-01,9
ChemSpecPM25,Nitrite Ion PM2.5,2022-12-01,8
ChemSpecPM25,Nitrite Ion PM2.5,2023-01-01,8
ChemSpecPM25,Nitrite Ion PM2.5,2023-03-01,8
ChemSpecPM25,Nitrite Ion PM2.5,2023-04-01,8
ChemSpecPM25,Nitrite Ion PM2.5,2023-06-01,8
ChemSpecPM25,Nitrite Ion PM2.5,2023-11-01,8
ChemSpecPM25,Nitrite Ion PM2.5,2024-02-01,8
ChemSpecPM25,Nitrite Ion PM2.5,2023-05-01,7
ChemSpecPM25,Nitrite Ion PM2.5,2023-07-01,7
ChemSpecPM25,Nitrite Ion PM2.5,2023-12-01,7
ChemSpecPM25,Nitrite Ion PM2.5,2024-01-01,7
ChemSpecPM25,Nitrite Ion PM2.5,2024-08-01,6
ChemSpecPM25,Nitrite Ion PM2.5,2023-10-01,5
ChemSpecPM25,Nitrite Ion PM2.5,2024-10-01,5
ChemSpecPM25,Nitrite Ion PM2.5,2024-05-01,4
ChemSpecPM25,Nitrite Ion PM2.5,2024-11-01,4
ChemSpecPM25,Nitrite Ion PM2.5,2024-12-01,3
ChemSpecPM25,Nitrite Ion PM2.5,2025-01-01,3
ChemSpecPM25,Nitrite Ion PM2.5,2025-02-01,3
ChemSpecPM25,Nitrite Ion PM2.5,2025-03-01,3
ChemSpecPM25,Nitrite Ion PM2.5,2025-04-01,2
ChemSpecPM25,Nitrite Ion PM2.5,2024-09-01,1
ChemSpecPM25,Nitrite Ion PM2.5,2025-05-01,1
ChemSpecPM25,Nitrite Ion PM2.5,2025-06-01,1
ChemSpecPM25,Nitrite Ion PM2.5,2025-08-01,1
ChemSpecPM25,OC PM2.5,2024-01-01,11
ChemSpecPM25,OC PM2.5,2024-03-01,11
ChemSpecPM25,OC PM2.5,2023-04-01,10
ChemSpecPM25,OC PM2.5,2023-06-01,10
ChemSpecPM25,OC PM2.5,2023-07-01,10
ChemSpecPM25,OC PM2.5,2023-11-01,10
ChemSpecPM25,OC PM2.5,2023-12-01,10
ChemSpecPM25,OC PM2.5,2024-04-01,10
ChemSpecPM25,OC PM2.5,2024-07-01,10
ChemSpecPM25,OC PM2.5,2022-12-01,9
ChemSpecPM25,OC PM2.5,2023-01-01,9
ChemSpecPM25,OC PM2.5,2023-02-01,9
ChemSpecPM25,OC PM2.5,2023-08-01,9
ChemSpecPM25,OC PM2.5,2023-09-01,9
ChemSpecPM25,OC PM2.5,2024-02-01,9
ChemSpecPM25,OC PM2.5,2024-06-01,9
ChemSpecPM25,OC PM2.5,2023-03-01,8
ChemSpecPM25,OC PM2.5,2023-05-01,8
ChemSpecPM25,OC PM2.5,2025-12-01,8
ChemSpecPM25,OC PM2.5,2023-10-01,6
ChemSpecPM25,OC PM2.5,2024-08-01,5
ChemSpecPM25,OC PM2.5,2024-05-01,4
ChemSpecPM25,OC PM2.5,2025-11-01,4
ChemSpecPM25,OC PM2.5,2024-10-01,3
ChemSpecPM25,OC PM2.5,2024-11-01,3
ChemSpecPM25,OC PM2.5,2024-12-01,3
ChemSpecPM25,OC PM2.5,2025-01-01,3
ChemSpecPM25,OC PM2.5,2025-02-01,3
ChemSpecPM25,OC PM2.5,2025-03-01,3
ChemSpecPM25,OC PM2.5,2025-04-01,3
ChemSpecPM25,OC PM2.5,2025-05-01,3
ChemSpecPM25,OC PM2.5,2025-07-01,3
ChemSpecPM25,OC PM2.5,2024-09-01,2
ChemSpecPM25,OC PM2.5,2025-06-01,2
ChemSpecPM25,OC PM2.5,2026-01-01,2
ChemSpecPM25,OC PM2.5,2025-08-01,1
ChemSpecPM25,OM PM2.5,2024-01-01,11
ChemSpecPM25,OM PM2.5,2024-03-01,11
ChemSpecPM25,OM PM2.5,2023-04-01,10
ChemSpecPM25,OM PM2.5,2023-06-01,10
ChemSpecPM25,OM PM2.5,2023-07-01,10
ChemSpecPM25,OM PM2.5,2023-11-01,10
ChemSpecPM25,OM PM2.5,2023-12-01,10
ChemSpecPM25,OM PM2.5,2024-04-01,10
ChemSpecPM25,OM PM2.5,2022-12-01,9
ChemSpecPM25,OM PM2.5,2023-01-01,9
ChemSpecPM25,OM PM2.5,2023-02-01,9
ChemSpecPM25,OM PM2.5,2023-08-01,9
ChemSpecPM25,OM PM2.5,2023-09-01,9
ChemSpecPM25,OM PM2.5,2024-02-01,9
ChemSpecPM25,OM PM2.5,2023-03-01,8
ChemSpecPM25,OM PM2.5,2023-05-01,8
ChemSpecPM25,OM PM2.5,2025-12-01,8
ChemSpecPM25,OM PM2.5,2023-10-01,6
ChemSpecPM25,OM PM2.5,2024-05-01,4
ChemSpecPM25,OM PM2.5,2025-11-01,4
ChemSpecPM25,OM PM2.5,2024-10-01,3
ChemSpecPM25,OM PM2.5,2024-11-01,3
ChemSpecPM25,OM PM2.5,2024-12-01,3
ChemSpecPM25,OM PM2.5,2025-01-01,3
ChemSpecPM25,OM PM2.5,2025-02-01,3
ChemSpecPM25,OM PM2.5,2025-03-01,3
ChemSpecPM25,OM PM2.5,2025-04-01,3
ChemSpecPM25,OM PM2.5,2025-05-01,3
ChemSpecPM25,OM PM2.5,2025-07-01,3
ChemSpecPM25,OM PM2.5,2025-06-01,2
ChemSpecPM25,OM PM2.5,2026-01-01,2
ChemSpecPM25,OM PM2.5,2025-08-01,1
ChemSpecPM25,Phosphate Ion PM2.5,2023-09-01,9
ChemSpecPM25,Phosphate Ion PM2.5,2023-08-01,6
ChemSpecPM25,Phosphate Ion PM2.5,2023-01-01,5
ChemSpecPM25,Phosphate Ion PM2.5,2022-12-01,2
ChemSpecPM25,Phosphate Ion PM2.5,2023-10-01,1
ChemSpecPM25,Phosphate Ion PM2.5,2025-02-01,1
ChemSpecPM25,Potassium Ion PM2.5,2024-07-01,15
ChemSpecPM25,Potassium Ion PM2.5,2024-01-01,11
ChemSpecPM25,Potassium Ion PM2.5,2024-03-01,11
ChemSpecPM25,Potassium Ion PM2.5,2023-04-01,10
ChemSpecPM25,Potassium Ion PM2.5,2023-06-01,10
ChemSpecPM25,Potassium Ion PM2.5,2023-07-01,10
ChemSpecPM25,Potassium Ion PM2.5,2023-11-01,10
ChemSpecPM25,Potassium Ion PM2.5,2023-12-01,10
ChemSpecPM25,Potassium Ion PM2.5,2024-04-01,10
ChemSpecPM25,Potassium Ion PM2.5,2024-08-01,10
ChemSpecPM25,Potassium Ion PM2.5,2022-12-01,9
ChemSpecPM25,Potassium Ion PM2.5,2023-01-01,9
ChemSpecPM25,Potassium Ion PM2.5,2023-02-01,9
ChemSpecPM25,Potassium Ion PM2.5,2023-08-01,9
ChemSpecPM25,Potassium Ion PM2.5,2023-09-01,9
ChemSpecPM25,Potassium Ion PM2.5,2024-02-01,9
ChemSpecPM25,Potassium Ion PM2.5,2024-06-01,9
ChemSpecPM25,Potassium Ion PM2.5,2023-03-01,8
ChemSpecPM25,Potassium Ion PM2.5,2023-05-01,8
ChemSpecPM25,Potassium Ion PM2.5,2023-10-01,6
ChemSpecPM25,Potassium Ion PM2.5,2024-10-01,6
ChemSpecPM25,Potassium Ion PM2.5,2024-11-01,6
ChemSpecPM25,Potassium Ion PM2.5,2024-12-01,6
ChemSpecPM25,Potassium Ion PM2.5,2025-01-01,6
ChemSpecPM25,Potassium Ion PM2.5,2025-02-01,6
ChemSpecPM25,Potassium Ion PM2.5,2025-03-01,6
ChemSpecPM25,Potassium Ion PM2.5,2025-04-01,6
ChemSpecPM25,Potassium Ion PM2.5,2025-05-01,6
ChemSpecPM25,Potassium Ion PM2.5,2024-05-01,4
ChemSpecPM25,Potassium Ion PM2.5,2024-09-01,4
ChemSpecPM25,Potassium Ion PM2.5,2025-07-01,3
ChemSpecPM25,Potassium Ion PM2.5,2025-06-01,2
ChemSpecPM25,Potassium Ion PM2.5,2025-08-01,1
ChemSpecPM25,Potassium PM2.5,2024-01-01,11
ChemSpecPM25,Potassium PM2.5,2024-03-01,11
ChemSpecPM25,Potassium PM2.5,2023-04-01,10
ChemSpecPM25,Potassium PM2.5,2023-06-01,10
ChemSpecPM25,Potassium PM2.5,2023-07-01,10
ChemSpecPM25,Potassium PM2.5,2023-11-01,10
ChemSpecPM25,Potassium PM2.5,2023-12-01,10
ChemSpecPM25,Potassium PM2.5,2024-04-01,10
ChemSpecPM25,Potassium PM2.5,2024-07-01,10
ChemSpecPM25,Potassium PM2.5,2022-12-01,9
ChemSpecPM25,Potassium PM2.5,2023-01-01,9
ChemSpecPM25,Potassium PM2.5,2023-02-01,9
ChemSpecPM25,Potassium PM2.5,2023-08-01,9
ChemSpecPM25,Potassium PM2.5,2023-09-01,9
ChemSpecPM25,Potassium PM2.5,2024-02-01,9
ChemSpecPM25,Potassium PM2.5,2024-06-01,9
ChemSpecPM25,Potassium PM2.5,2023-03-01,8
ChemSpecPM25,Potassium PM2.5,2023-05-01,8
ChemSpecPM25,Potassium PM2.5,2025-12-01,8
ChemSpecPM25,Potassium PM2.5,2023-10-01,6
ChemSpecPM25,Potassium PM2.5,2024-08-01,5
ChemSpecPM25,Potassium PM2.5,2024-05-01,4
ChemSpecPM25,Potassium PM2.5,2025-11-01,4
ChemSpecPM25,Potassium PM2.5,2024-10-01,3
ChemSpecPM25,Potassium PM2.5,2024-11-01,3
ChemSpecPM25,Potassium PM2.5,2024-12-01,3
ChemSpecPM25,Potassium PM2.5,2025-01-01,3
ChemSpecPM25,Potassium PM2.5,2025-02-01,3
ChemSpecPM25,Potassium PM2.5,2025-03-01,3
ChemSpecPM25,Potassium PM2.5,2025-04-01,3
ChemSpecPM25,Potassium PM2.5,2025-05-01,3
ChemSpecPM25,Potassium PM2.5,2025-07-01,3
ChemSpecPM25,Potassium PM2.5,2024-09-01,2
ChemSpecPM25,Potassium PM2.5,2025-06-01,2
ChemSpecPM25,Potassium PM2.5,2026-01-01,2
ChemSpecPM25,Potassium PM2.5,2025-08-01,1
ChemSpecPM25,Rubidium PM2.5,2024-01-01,11
ChemSpecPM25,Rubidium PM2.5,2024-03-01,11
ChemSpecPM25,Rubidium PM2.5,2023-04-01,10
ChemSpecPM25,Rubidium PM2.5,2023-06-01,10
ChemSpecPM25,Rubidium PM2.5,2023-07-01,10
ChemSpecPM25,Rubidium PM2.5,2023-11-01,10
ChemSpecPM25,Rubidium PM2.5,2023-12-01,10
ChemSpecPM25,Rubidium PM2.5,2024-04-01,10
ChemSpecPM25,Rubidium PM2.5,2024-07-01,10
ChemSpecPM25,Rubidium PM2.5,2022-12-01,9
ChemSpecPM25,Rubidium PM2.5,2023-01-01,9
ChemSpecPM25,Rubidium PM2.5,2023-02-01,9
ChemSpecPM25,Rubidium PM2.5,2023-08-01,9
ChemSpecPM25,Rubidium PM2.5,2023-09-01,9
ChemSpecPM25,Rubidium PM2.5,2024-02-01,9
ChemSpecPM25,Rubidium PM2.5,2024-06-01,9
ChemSpecPM25,Rubidium PM2.5,2023-03-01,8
ChemSpecPM25,Rubidium PM2.5,2023-05-01,8
ChemSpecPM25,Rubidium PM2.5,2025-12-01,8
ChemSpecPM25,Rubidium PM2.5,2023-10-01,6
ChemSpecPM25,Rubidium PM2.5,2024-08-01,5
ChemSpecPM25,Rubidium PM2.5,2024-05-01,4
ChemSpecPM25,Rubidium PM2.5,2025-11-01,4
ChemSpecPM25,Rubidium PM2.5,2024-10-01,3
ChemSpecPM25,Rubidium PM2.5,2024-11-01,3
ChemSpecPM25,Rubidium PM2.5,2024-12-01,3
ChemSpecPM25,Rubidium PM2.5,2025-01-01,3
ChemSpecPM25,Rubidium PM2.5,2025-02-01,3
ChemSpecPM25,Rubidium PM2.5,2025-03-01,3
ChemSpecPM25,Rubidium PM2.5,2025-04-01,3
ChemSpecPM25,Rubidium PM2.5,2025-05-01,3
ChemSpecPM25,Rubidium PM2.5,2025-07-01,3
ChemSpecPM25,Rubidium PM2.5,2024-09-01,2
ChemSpecPM25,Rubidium PM2.5,2025-06-01,2
ChemSpecPM25,Rubidium PM2.5,2026-01-01,2
ChemSpecPM25,Rubidium PM2.5,2025-08-01,1
ChemSpecPM25,Selenium PM2.5,2024-01-01,11
ChemSpecPM25,Selenium PM2.5,2024-03-01,11
ChemSpecPM25,Selenium PM2.5,2023-04-01,10
ChemSpecPM25,Selenium PM2.5,2023-06-01,10
ChemSpecPM25,Selenium PM2.5,2023-07-01,10
ChemSpecPM25,Selenium PM2.5,2023-11-01,10
ChemSpecPM25,Selenium PM2.5,2023-12-01,10
ChemSpecPM25,Selenium PM2.5,2024-04-01,10
ChemSpecPM25,Selenium PM2.5,2024-07-01,10
ChemSpecPM25,Selenium PM2.5,2022-12-01,9
ChemSpecPM25,Selenium PM2.5,2023-01-01,9
ChemSpecPM25,Selenium PM2.5,2023-02-01,9
ChemSpecPM25,Selenium PM2.5,2023-08-01,9
ChemSpecPM25,Selenium PM2.5,2023-09-01,9
ChemSpecPM25,Selenium PM2.5,2024-02-01,9
ChemSpecPM25,Selenium PM2.5,2024-06-01,9
ChemSpecPM25,Selenium PM2.5,2023-03-01,8
ChemSpecPM25,Selenium PM2.5,2023-05-01,8
ChemSpecPM25,Selenium PM2.5,2025-12-01,8
ChemSpecPM25,Selenium PM2.5,2023-10-01,6
ChemSpecPM25,Selenium PM2.5,2024-08-01,5
ChemSpecPM25,Selenium PM2.5,2024-05-01,4
ChemSpecPM25,Selenium PM2.5,2025-11-01,4
ChemSpecPM25,Selenium PM2.5,2024-10-01,3
ChemSpecPM25,Selenium PM2.5,2024-11-01,3
ChemSpecPM25,Selenium PM2.5,2024-12-01,3
ChemSpecPM25,Selenium PM2.5,2025-01-01,3
ChemSpecPM25,Selenium PM2.5,2025-02-01,3
ChemSpecPM25,Selenium PM2.5,2025-03-01,3
ChemSpecPM25,Selenium PM2.5,2025-04-01,3
ChemSpecPM25,Selenium PM2.5,2025-05-01,3
ChemSpecPM25,Selenium PM2.5,2025-07-01,3
ChemSpecPM25,Selenium PM2.5,2024-09-01,2
ChemSpecPM25,Selenium PM2.5,2025-06-01,2
ChemSpecPM25,Selenium PM2.5,2026-01-01,2
ChemSpecPM25,Selenium PM2.5,2025-08-01,1
ChemSpecPM25,Silicon PM2.5,2024-01-01,11
ChemSpecPM25,Silicon PM2.5,2024-03-01,11
ChemSpecPM25,Silicon PM2.5,2023-04-01,10
ChemSpecPM25,Silicon PM2.5,2023-06-01,10
ChemSpecPM25,Silicon PM2.5,2023-07-01,10
ChemSpecPM25,Silicon PM2.5,2023-11-01,10
ChemSpecPM25,Silicon PM2.5,2023-12-01,10
ChemSpecPM25,Silicon PM2.5,2024-04-01,10
ChemSpecPM25,Silicon PM2.5,2024-07-01,10
ChemSpecPM25,Silicon PM2.5,2022-12-01,9
ChemSpecPM25,Silicon PM2.5,2023-01-01,9
ChemSpecPM25,Silicon PM2.5,2023-02-01,9
ChemSpecPM25,Silicon PM2.5,2023-08-01,9
ChemSpecPM25,Silicon PM2.5,2023-09-01,9
ChemSpecPM25,Silicon PM2.5,2024-02-01,9
ChemSpecPM25,Silicon PM2.5,2024-06-01,9
ChemSpecPM25,Silicon PM2.5,2023-03-01,8
ChemSpecPM25,Silicon PM2.5,2023-05-01,8
ChemSpecPM25,Silicon PM2.5,2025-12-01,8
ChemSpecPM25,Silicon PM2.5,2023-10-01,6
ChemSpecPM25,Silicon PM2.5,2024-08-01,5
ChemSpecPM25,Silicon PM2.5,2024-05-01,4
ChemSpecPM25,Silicon PM2.5,2025-11-01,4
ChemSpecPM25,Silicon PM2.5,2024-10-01,3
ChemSpecPM25,Silicon PM2.5,2024-11-01,3
ChemSpecPM25,Silicon PM2.5,2024-12-01,3
ChemSpecPM25,Silicon PM2.5,2025-01-01,3
ChemSpecPM25,Silicon PM2.5,2025-02-01,3
ChemSpecPM25,Silicon PM2.5,2025-03-01,3
ChemSpecPM25,Silicon PM2.5,2025-04-01,3
ChemSpecPM25,Silicon PM2.5,2025-05-01,3
ChemSpecPM25,Silicon PM2.5,2025-07-01,3
ChemSpecPM25,Silicon PM2.5,2024-09-01,2
ChemSpecPM25,Silicon PM2.5,2025-06-01,2
ChemSpecPM25,Silicon PM2.5,2026-01-01,2
ChemSpecPM25,Silicon PM2.5,2025-08-01,1
ChemSpecPM25,Sodium Ion PM2.5,2024-07-01,15
ChemSpecPM25,Sodium Ion PM2.5,2024-03-01,11
ChemSpecPM25,Sodium Ion PM2.5,2023-04-01,10
ChemSpecPM25,Sodium Ion PM2.5,2023-06-01,10
ChemSpecPM25,Sodium Ion PM2.5,2023-07-01,10
ChemSpecPM25,Sodium Ion PM2.5,2023-11-01,10
ChemSpecPM25,Sodium Ion PM2.5,2023-12-01,10
ChemSpecPM25,Sodium Ion PM2.5,2024-04-01,10
ChemSpecPM25,Sodium Ion PM2.5,2024-08-01,10
ChemSpecPM25,Sodium Ion PM2.5,2022-12-01,9
ChemSpecPM25,Sodium Ion PM2.5,2023-01-01,9
ChemSpecPM25,Sodium Ion PM2.5,2023-02-01,9
ChemSpecPM25,Sodium Ion PM2.5,2023-08-01,9
ChemSpecPM25,Sodium Ion PM2.5,2023-09-01,9
ChemSpecPM25,Sodium Ion PM2.5,2024-06-01,9
ChemSpecPM25,Sodium Ion PM2.5,2023-03-01,8
ChemSpecPM25,Sodium Ion PM2.5,2023-05-01,8
ChemSpecPM25,Sodium Ion PM2.5,2024-02-01,7
ChemSpecPM25,Sodium Ion PM2.5,2023-10-01,6
ChemSpecPM25,Sodium Ion PM2.5,2024-10-01,6
ChemSpecPM25,Sodium Ion PM2.5,2024-11-01,6
ChemSpecPM25,Sodium Ion PM2.5,2025-02-01,6
ChemSpecPM25,Sodium Ion PM2.5,2025-03-01,6
ChemSpecPM25,Sodium Ion PM2.5,2025-04-01,6
ChemSpecPM25,Sodium Ion PM2.5,2025-05-01,6
ChemSpecPM25,Sodium Ion PM2.5,2024-01-01,4
ChemSpecPM25,Sodium Ion PM2.5,2024-05-01,4
ChemSpecPM25,Sodium Ion PM2.5,2024-09-01,4
ChemSpecPM25,Sodium Ion PM2.5,2024-12-01,4
ChemSpecPM25,Sodium Ion PM2.5,2025-01-01,3
ChemSpecPM25,Sodium Ion PM2.5,2025-07-01,3
ChemSpecPM25,Sodium Ion PM2.5,2025-06-01,2
ChemSpecPM25,Sodium Ion PM2.5,2025-08-01,1
ChemSpecPM25,Sodium PM2.5,2024-01-01,11
ChemSpecPM25,Sodium PM2.5,2024-03-01,11
ChemSpecPM25,Sodium PM2.5,2023-04-01,10
ChemSpecPM25,Sodium PM2.5,2023-06-01,10
ChemSpecPM25,Sodium PM2.5,2023-07-01,10
ChemSpecPM25,Sodium PM2.5,2023-11-01,10
ChemSpecPM25,Sodium PM2.5,2023-12-01,10
ChemSpecPM25,Sodium PM2.5,2024-04-01,10
ChemSpecPM25,Sodium PM2.5,2024-07-01,10
ChemSpecPM25,Sodium PM2.5,2022-12-01,9
ChemSpecPM25,Sodium PM2.5,2023-01-01,9
ChemSpecPM25,Sodium PM2.5,2023-02-01,9
ChemSpecPM25,Sodium PM2.5,2023-08-01,9
ChemSpecPM25,Sodium PM2.5,2023-09-01,9
ChemSpecPM25,Sodium PM2.5,2024-02-01,9
ChemSpecPM25,Sodium PM2.5,2024-06-01,9
ChemSpecPM25,Sodium PM2.5,2023-03-01,8
ChemSpecPM25,Sodium PM2.5,2023-05-01,8
ChemSpecPM25,Sodium PM2.5,2025-12-01,8
ChemSpecPM25,Sodium PM2.5,2023-10-01,6
ChemSpecPM25,Sodium PM2.5,2024-08-01,5
ChemSpecPM25,Sodium PM2.5,2024-05-01,4
ChemSpecPM25,Sodium PM2.5,2025-11-01,4
ChemSpecPM25,Sodium PM2.5,2024-10-01,3
ChemSpecPM25,Sodium PM2.5,2024-11-01,3
ChemSpecPM25,Sodium PM2.5,2024-12-01,3
ChemSpecPM25,Sodium PM2.5,2025-01-01,3
ChemSpecPM25,Sodium PM2.5,2025-02-01,3
ChemSpecPM25,Sodium PM2.5,2025-03-01,3
ChemSpecPM25,Sodium PM2.5,2025-04-01,3
ChemSpecPM25,Sodium PM2.5,2025-05-01,3
ChemSpecPM25,Sodium PM2.5,2025-07-01,3
ChemSpecPM25,Sodium PM2.5,2024-09-01,2
ChemSpecPM25,Sodium PM2.5,2025-06-01,2
ChemSpecPM25,Sodium PM2.5,2026-01-01,2
ChemSpecPM25,Sodium PM2.5,2025-08-01,1
ChemSpecPM25,Strontium PM2.5,2024-01-01,11
ChemSpecPM25,Strontium PM2.5,2024-03-01,11
ChemSpecPM25,Strontium PM2.5,2023-04-01,10
ChemSpecPM25,Strontium PM2.5,2023-06-01,10
ChemSpecPM25,Strontium PM2.5,2023-07-01,10
ChemSpecPM25,Strontium PM2.5,2023-11-01,10
ChemSpecPM25,Strontium PM2.5,2023-12-01,10
ChemSpecPM25,Strontium PM2.5,2024-04-01,10
ChemSpecPM25,Strontium PM2.5,2024-07-01,10
ChemSpecPM25,Strontium PM2.5,2022-12-01,9
ChemSpecPM25,Strontium PM2.5,2023-01-01,9
ChemSpecPM25,Strontium PM2.5,2023-02-01,9
ChemSpecPM25,Strontium PM2.5,2023-08-01,9
ChemSpecPM25,Strontium PM2.5,2023-09-01,9
ChemSpecPM25,Strontium PM2.5,2024-02-01,9
ChemSpecPM25,Strontium PM2.5,2024-06-01,9
ChemSpecPM25,Strontium PM2.5,2023-03-01,8
ChemSpecPM25,Strontium PM2.5,2023-05-01,8
ChemSpecPM25,Strontium PM2.5,2025-12-01,8
ChemSpecPM25,Strontium PM2.5,2023-10-01,6
ChemSpecPM25,Strontium PM2.5,2024-08-01,5
ChemSpecPM25,Strontium PM2.5,2024-05-01,4
ChemSpecPM25,Strontium PM2.5,2025-11-01,4
ChemSpecPM25,Strontium PM2.5,2024-10-01,3
ChemSpecPM25,Strontium PM2.5,2024-11-01,3
ChemSpecPM25,Strontium PM2.5,2024-12-01,3
ChemSpecPM25,Strontium PM2.5,2025-01-01,3
ChemSpecPM25,Strontium PM2.5,2025-02-01,3
ChemSpecPM25,Strontium PM2.5,2025-03-01,3
ChemSpecPM25,Strontium PM2.5,2025-04-01,3
ChemSpecPM25,Strontium PM2.5,2025-05-01,3
ChemSpecPM25,Strontium PM2.5,2025-07-01,3
ChemSpecPM25,Strontium PM2.5,2024-09-01,2
ChemSpecPM25,Strontium PM2.5,2025-06-01,2
ChemSpecPM25,Strontium PM2.5,2026-01-01,2
ChemSpecPM25,Strontium PM2.5,2025-08-01,1
ChemSpecPM25,Sulfate Ion PM2.5,2024-07-01,15
ChemSpecPM25,Sulfate Ion PM2.5,2024-01-01,11
ChemSpecPM25,Sulfate Ion PM2.5,2024-03-01,11
ChemSpecPM25,Sulfate Ion PM2.5,2023-04-01,10
ChemSpecPM25,Sulfate Ion PM2.5,2023-06-01,10
ChemSpecPM25,Sulfate Ion PM2.5,2023-11-01,10
ChemSpecPM25,Sulfate Ion PM2.5,2023-12-01,10
ChemSpecPM25,Sulfate Ion PM2.5,2024-04-01,10
ChemSpecPM25,Sulfate Ion PM2.5,2024-08-01,10
ChemSpecPM25,Sulfate Ion PM2.5,2022-12-01,9
ChemSpecPM25,Sulfate Ion PM2.5,2023-01-01,9
ChemSpecPM25,Sulfate Ion PM2.5,2023-02-01,9
ChemSpecPM25,Sulfate Ion PM2.5,2023-08-01,9
ChemSpecPM25,Sulfate Ion PM2.5,2023-09-01,9
ChemSpecPM25,Sulfate Ion PM2.5,2024-02-01,9
ChemSpecPM25,Sulfate Ion PM2.5,2024-06-01,9
ChemSpecPM25,Sulfate Ion PM2.5,2023-03-01,8
ChemSpecPM25,Sulfate Ion PM2.5,2023-05-01,8
ChemSpecPM25,Sulfate Ion PM2.5,2023-07-01,8
ChemSpecPM25,Sulfate Ion PM2.5,2023-10-01,6
ChemSpecPM25,Sulfate Ion PM2.5,2024-10-01,6
ChemSpecPM25,Sulfate Ion PM2.5,2025-02-01,6
ChemSpecPM25,Sulfate Ion PM2.5,2025-03-01,6
ChemSpecPM25,Sulfate Ion PM2.5,2025-05-01,6
ChemSpecPM25,Sulfate Ion PM2.5,2024-11-01,5
ChemSpecPM25,Sulfate Ion PM2.5,2025-04-01,5
ChemSpecPM25,Sulfate Ion PM2.5,2024-05-01,4
ChemSpecPM25,Sulfate Ion PM2.5,2024-09-01,4
ChemSpecPM25,Sulfate Ion PM2.5,2024-12-01,3
ChemSpecPM25,Sulfate Ion PM2.5,2025-01-01,3
ChemSpecPM25,Sulfate Ion PM2.5,2025-07-01,3
ChemSpecPM25,Sulfate Ion PM2.5,2025-06-01,2
ChemSpecPM25,Sulfate Ion PM2.5,2025-08-01,1
ChemSpecPM25,Sulfur PM2.5,2024-01-01,11
ChemSpecPM25,Sulfur PM2.5,2024-03-01,11
ChemSpecPM25,Sulfur PM2.5,2023-04-01,10
ChemSpecPM25,Sulfur PM2.5,2023-06-01,10
ChemSpecPM25,Sulfur PM2.5,2023-07-01,10
ChemSpecPM25,Sulfur PM2.5,2023-11-01,10
ChemSpecPM25,Sulfur PM2.5,2023-12-01,10
ChemSpecPM25,Sulfur PM2.5,2024-04-01,10
ChemSpecPM25,Sulfur PM2.5,2024-07-01,10
ChemSpecPM25,Sulfur PM2.5,2022-12-01,9
ChemSpecPM25,Sulfur PM2.5,2023-01-01,9
ChemSpecPM25,Sulfur PM2.5,2023-02-01,9
ChemSpecPM25,Sulfur PM2.5,2023-08-01,9
ChemSpecPM25,Sulfur PM2.5,2023-09-01,9
ChemSpecPM25,Sulfur PM2.5,2024-02-01,9
ChemSpecPM25,Sulfur PM2.5,2024-06-01,9
ChemSpecPM25,Sulfur PM2.5,2023-03-01,8
ChemSpecPM25,Sulfur PM2.5,2023-05-01,8
ChemSpecPM25,Sulfur PM2.5,2025-12-01,8
ChemSpecPM25,Sulfur PM2.5,2023-10-01,6
ChemSpecPM25,Sulfur PM2.5,2024-08-01,5
ChemSpecPM25,Sulfur PM2.5,2024-05-01,4
ChemSpecPM25,Sulfur PM2.5,2025-11-01,4
ChemSpecPM25,Sulfur PM2.5,2024-10-01,3
ChemSpecPM25,Sulfur PM2.5,2024-11-01,3
ChemSpecPM25,Sulfur PM2.5,2024-12-01,3
ChemSpecPM25,Sulfur PM2.5,2025-01-01,3
ChemSpecPM25,Sulfur PM2.5,2025-02-01,3
ChemSpecPM25,Sulfur PM2.5,2025-03-01,3
ChemSpecPM25,Sulfur PM2.5,2025-04-01,3
ChemSpecPM25,Sulfur PM2.5,2025-05-01,3
ChemSpecPM25,Sulfur PM2.5,2025-07-01,3
ChemSpecPM25,Sulfur PM2.5,2024-09-01,2
ChemSpecPM25,Sulfur PM2.5,2025-06-01,2
ChemSpecPM25,Sulfur PM2.5,2026-01-01,2
ChemSpecPM25,Sulfur PM2.5,2025-08-01,1
ChemSpecPM25,Tin PM2.5,2024-01-01,11
ChemSpecPM25,Tin PM2.5,2024-03-01,11
ChemSpecPM25,Tin PM2.5,2023-04-01,10
ChemSpecPM25,Tin PM2.5,2023-06-01,10
ChemSpecPM25,Tin PM2.5,2023-07-01,10
ChemSpecPM25,Tin PM2.5,2023-11-01,10
ChemSpecPM25,Tin PM2.5,2023-12-01,10
ChemSpecPM25,Tin PM2.5,2024-04-01,10
ChemSpecPM25,Tin PM2.5,2024-07-01,10
ChemSpecPM25,Tin PM2.5,2022-12-01,9
ChemSpecPM25,Tin PM2.5,2023-01-01,9
ChemSpecPM25,Tin PM2.5,2023-02-01,9
ChemSpecPM25,Tin PM2.5,2023-08-01,9
ChemSpecPM25,Tin PM2.5,2023-09-01,9
ChemSpecPM25,Tin PM2.5,2024-02-01,9
ChemSpecPM25,Tin PM2.5,2024-06-01,9
ChemSpecPM25,Tin PM2.5,2023-03-01,8
ChemSpecPM25,Tin PM2.5,2023-05-01,8
ChemSpecPM25,Tin PM2.5,2025-12-01,8
ChemSpecPM25,Tin PM2.5,2023-10-01,6
ChemSpecPM25,Tin PM2.5,2024-08-01,5
ChemSpecPM25,Tin PM2.5,2024-05-01,4
ChemSpecPM25,Tin PM2.5,2025-11-01,4
ChemSpecPM25,Tin PM2.5,2024-10-01,3
ChemSpecPM25,Tin PM2.5,2024-11-01,3
ChemSpecPM25,Tin PM2.5,2024-12-01,3
ChemSpecPM25,Tin PM2.5,2025-01-01,3
ChemSpecPM25,Tin PM2.5,2025-02-01,3
ChemSpecPM25,Tin PM2.5,2025-03-01,3
ChemSpecPM25,Tin PM2.5,2025-04-01,3
ChemSpecPM25,Tin PM2.5,2025-05-01,3
ChemSpecPM25,Tin PM2.5,2025-07-01,3
ChemSpecPM25,Tin PM2.5,2024-09-01,2
ChemSpecPM25,Tin PM2.5,2025-06-01,2
ChemSpecPM25,Tin PM2.5,2026-01-01,2
ChemSpecPM25,Tin PM2.5,2025-08-01,1
ChemSpecPM25,Titanium PM2.5,2024-01-01,11
ChemSpecPM25,Titanium PM2.5,2024-03-01,11
ChemSpecPM25,Titanium PM2.5,2023-04-01,10
ChemSpecPM25,Titanium PM2.5,2023-06-01,10
ChemSpecPM25,Titanium PM2.5,2023-07-01,10
ChemSpecPM25,Titanium PM2.5,2023-11-01,10
ChemSpecPM25,Titanium PM2.5,2023-12-01,10
ChemSpecPM25,Titanium PM2.5,2024-04-01,10
ChemSpecPM25,Titanium PM2.5,2024-07-01,10
ChemSpecPM25,Titanium PM2.5,2022-12-01,9
ChemSpecPM25,Titanium PM2.5,2023-01-01,9
ChemSpecPM25,Titanium PM2.5,2023-02-01,9
ChemSpecPM25,Titanium PM2.5,2023-08-01,9
ChemSpecPM25,Titanium PM2.5,2023-09-01,9
ChemSpecPM25,Titanium PM2.5,2024-02-01,9
ChemSpecPM25,Titanium PM2.5,2024-06-01,9
ChemSpecPM25,Titanium PM2.5,2023-03-01,8
ChemSpecPM25,Titanium PM2.5,2023-05-01,8
ChemSpecPM25,Titanium PM2.5,2025-12-01,8
ChemSpecPM25,Titanium PM2.5,2023-10-01,6
ChemSpecPM25,Titanium PM2.5,2024-08-01,5
ChemSpecPM25,Titanium PM2.5,2024-05-01,4
ChemSpecPM25,Titanium PM2.5,2025-11-01,4
ChemSpecPM25,Titanium PM2.5,2024-10-01,3
ChemSpecPM25,Titanium PM2.5,2024-11-01,3
ChemSpecPM25,Titanium PM2.5,2024-12-01,3
ChemSpecPM25,Titanium PM2.5,2025-01-01,3
ChemSpecPM25,Titanium PM2.5,2025-02-01,3
ChemSpecPM25,Titanium PM2.5,2025-03-01,3
ChemSpecPM25,Titanium PM2.5,2025-04-01,3
ChemSpecPM25,Titanium PM2.5,2025-05-01,3
ChemSpecPM25,Titanium PM2.5,2025-07-01,3
ChemSpecPM25,Titanium PM2.5,2024-09-01,2
ChemSpecPM25,Titanium PM2.5,2025-06-01,2
ChemSpecPM25,Titanium PM2.5,2026-01-01,2
ChemSpecPM25,Titanium PM2.5,2025-08-01,1
ChemSpecPM25,Vanadium PM2.5,2024-01-01,11
ChemSpecPM25,Vanadium PM2.5,2024-03-01,11
ChemSpecPM25,Vanadium PM2.5,2023-04-01,10
ChemSpecPM25,Vanadium PM2.5,2023-06-01,10
ChemSpecPM25,Vanadium PM2.5,2023-07-01,10
ChemSpecPM25,Vanadium PM2.5,2023-11-01,10
ChemSpecPM25,Vanadium PM2.5,2023-12-01,10
ChemSpecPM25,Vanadium PM2.5,2024-04-01,10
ChemSpecPM25,Vanadium PM2.5,2024-07-01,10
ChemSpecPM25,Vanadium PM2.5,2022-12-01,9
ChemSpecPM25,Vanadium PM2.5,2023-01-01,9
ChemSpecPM25,Vanadium PM2.5,2023-02-01,9
ChemSpecPM25,Vanadium PM2.5,2023-08-01,9
ChemSpecPM25,Vanadium PM2.5,2023-09-01,9
ChemSpecPM25,Vanadium PM2.5,2024-02-01,9
ChemSpecPM25,Vanadium PM2.5,2024-06-01,9
ChemSpecPM25,Vanadium PM2.5,2023-03-01,8
ChemSpecPM25,Vanadium PM2.5,2023-05-01,8
ChemSpecPM25,Vanadium PM2.5,2025-12-01,8
ChemSpecPM25,Vanadium PM2.5,2023-10-01,6
ChemSpecPM25,Vanadium PM2.5,2024-08-01,5
ChemSpecPM25,Vanadium PM2.5,2024-05-01,4
ChemSpecPM25,Vanadium PM2.5,2025-11-01,4
ChemSpecPM25,Vanadium PM2.5,2024-10-01,3
ChemSpecPM25,Vanadium PM2.5,2024-11-01,3
ChemSpecPM25,Vanadium PM2.5,2024-12-01,3
ChemSpecPM25,Vanadium PM2.5,2025-01-01,3
ChemSpecPM25,Vanadium PM2.5,2025-02-01,3
ChemSpecPM25,Vanadium PM2.5,2025-03-01,3
ChemSpecPM25,Vanadium PM2.5,2025-04-01,3
ChemSpecPM25,Vanadium PM2.5,2025-05-01,3
ChemSpecPM25,Vanadium PM2.5,2025-07-01,3
ChemSpecPM25,Vanadium PM2.5,2024-09-01,2
ChemSpecPM25,Vanadium PM2.5,2025-06-01,2
ChemSpecPM25,Vanadium PM2.5,2026-01-01,2
ChemSpecPM25,Vanadium PM2.5,2025-08-01,1
ChemSpecPM25,Zinc PM2.5,2024-01-01,11
ChemSpecPM25,Zinc PM2.5,2024-03-01,11
ChemSpecPM25,Zinc PM2.5,2023-04-01,10
ChemSpecPM25,Zinc PM2.5,2023-06-01,10
ChemSpecPM25,Zinc PM2.5,2023-07-01,10
ChemSpecPM25,Zinc PM2.5,2023-11-01,10
ChemSpecPM25,Zinc PM2.5,2023-12-01,10
ChemSpecPM25,Zinc PM2.5,2024-04-01,10
ChemSpecPM25,Zinc PM2.5,2024-07-01,10
ChemSpecPM25,Zinc PM2.5,2022-12-01,9
ChemSpecPM25,Zinc PM2.5,2023-01-01,9
ChemSpecPM25,Zinc PM2.5,2023-02-01,9
ChemSpecPM25,Zinc PM2.5,2023-08-01,9
ChemSpecPM25,Zinc PM2.5,2023-09-01,9
ChemSpecPM25,Zinc PM2.5,2024-02-01,9
ChemSpecPM25,Zinc PM2.5,2024-06-01,9
ChemSpecPM25,Zinc PM2.5,2023-03-01,8
ChemSpecPM25,Zinc PM2.5,2023-05-01,8
ChemSpecPM25,Zinc PM2.5,2025-12-01,8
ChemSpecPM25,Zinc PM2.5,2023-10-01,6
ChemSpecPM25,Zinc PM2.5,2024-08-01,5
ChemSpecPM25,Zinc PM2.5,2024-05-01,4
ChemSpecPM25,Zinc PM2.5,2025-11-01,4
ChemSpecPM25,Zinc PM2.5,2024-10-01,3
ChemSpecPM25,Zinc PM2.5,2024-11-01,3
ChemSpecPM25,Zinc PM2.5,2024-12-01,3
ChemSpecPM25,Zinc PM2.5,2025-01-01,3
ChemSpecPM25,Zinc PM2.5,2025-02-01,3
ChemSpecPM25,Zinc PM2.5,2025-03-01,3
ChemSpecPM25,Zinc PM2.5,2025-04-01,3
ChemSpecPM25,Zinc PM2.5,2025-05-01,3
ChemSpecPM25,Zinc PM2.5,2025-07-01,3
ChemSpecPM25,Zinc PM2.5,2024-09-01,2
ChemSpecPM25,Zinc PM2.5,2025-06-01,2
ChemSpecPM25,Zinc PM2.5,2026-01-01,2
ChemSpecPM25,Zinc PM2.5,2025-08-01,1
ReconstrPM25,Ammonium,2024-07-01,5
ReconstrPM25,Ammonium,2024-08-01,5
ReconstrPM25,Ammonium,2024-10-01,3
ReconstrPM25,Ammonium,2024-11-01,3
ReconstrPM25,Ammonium,2024-12-01,3
ReconstrPM25,Ammonium,2025-01-01,3
ReconstrPM25,Ammonium,2025-02-01,3
ReconstrPM25,Ammonium,2025-03-01,3
ReconstrPM25,Ammonium,2025-04-01,3
ReconstrPM25,Ammonium,2025-05-01,3
ReconstrPM25,Ammonium,2024-09-01,2
ReconstrPM25,Ammonium Ion PM2.5,2024-01-01,11
ReconstrPM25,Ammonium Ion PM2.5,2024-03-01,11
ReconstrPM25,Ammonium Ion PM2.5,2023-04-01,10
ReconstrPM25,Ammonium Ion PM2.5,2023-06-01,10
ReconstrPM25,Ammonium Ion PM2.5,2023-07-01,10
ReconstrPM25,Ammonium Ion PM2.5,2024-04-01,10
ReconstrPM25,Ammonium Ion PM2.5,2022-12-01,9
ReconstrPM25,Ammonium Ion PM2.5,2023-01-01,9
ReconstrPM25,Ammonium Ion PM2.5,2023-02-01,9
ReconstrPM25,Ammonium Ion PM2.5,2023-08-01,9
ReconstrPM25,Ammonium Ion PM2.5,2023-09-01,9
ReconstrPM25,Ammonium Ion PM2.5,2024-02-01,9
ReconstrPM25,Ammonium Ion PM2.5,2024-06-01,9
ReconstrPM25,Ammonium Ion PM2.5,2023-03-01,8
ReconstrPM25,Ammonium Ion PM2.5,2023-05-01,8
ReconstrPM25,Ammonium Ion PM2.5,2023-10-01,6
ReconstrPM25,Ammonium Ion PM2.5,2024-07-01,5
ReconstrPM25,Ammonium Ion PM2.5,2023-12-01,4
ReconstrPM25,Ammonium Ion PM2.5,2024-05-01,4
ReconstrPM25,Ammonium Ion PM2.5,2025-07-01,3
ReconstrPM25,Ammonium Ion PM2.5,2023-11-01,2
ReconstrPM25,Ammonium Ion PM2.5,2025-06-01,2
ReconstrPM25,Ammonium Ion PM2.5,2025-08-01,1
ReconstrPM25,BC PM2.5,2024-01-01,11
ReconstrPM25,BC PM2.5,2024-03-01,11
ReconstrPM25,BC PM2.5,2023-04-01,10
ReconstrPM25,BC PM2.5,2023-06-01,10
ReconstrPM25,BC PM2.5,2023-07-01,10
ReconstrPM25,BC PM2.5,2023-11-01,10
ReconstrPM25,BC PM2.5,2023-12-01,10
ReconstrPM25,BC PM2.5,2024-04-01,10
ReconstrPM25,BC PM2.5,2024-07-01,10
ReconstrPM25,BC PM2.5,2022-12-01,9
ReconstrPM25,BC PM2.5,2023-01-01,9
ReconstrPM25,BC PM2.5,2023-02-01,9
ReconstrPM25,BC PM2.5,2023-08-01,9
ReconstrPM25,BC PM2.5,2023-09-01,9
ReconstrPM25,BC PM2.5,2024-02-01,9
ReconstrPM25,BC PM2.5,2024-06-01,9
ReconstrPM25,BC PM2.5,2023-03-01,8
ReconstrPM25,BC PM2.5,2023-05-01,8
ReconstrPM25,BC PM2.5,2025-12-01,8
ReconstrPM25,BC PM2.5,2023-10-01,6
ReconstrPM25,BC PM2.5,2024-08-01,5
ReconstrPM25,BC PM2.5,2024-05-01,4
ReconstrPM25,BC PM2.5,2025-11-01,4
ReconstrPM25,BC PM2.5,2024-10-01,3
ReconstrPM25,BC PM2.5,2024-11-01,3
ReconstrPM25,BC PM2.5,2024-12-01,3
ReconstrPM25,BC PM2.5,2025-01-01,3
ReconstrPM25,BC PM2.5,2025-02-01,3
ReconstrPM25,BC PM2.5,2025-03-01,3
ReconstrPM25,BC PM2.5,2025-04-01,3
ReconstrPM25,BC PM2.5,2025-05-01,3
ReconstrPM25,BC PM2.5,2025-07-01,3
ReconstrPM25,BC PM2.5,2024-09-01,2
ReconstrPM25,BC PM2.5,2025-06-01,2
ReconstrPM25,BC PM2.5,2026-01-01,2
ReconstrPM25,BC PM2.5,2025-08-01,1
ReconstrPM25,Filter PM2.5 mass,2024-01-01,11
ReconstrPM25,Filter PM2.5 mass,2024-03-01,11
ReconstrPM25,Filter PM2.5 mass,2023-04-01,10
ReconstrPM25,Filter PM2.5 mass,2023-06-01,10
ReconstrPM25,Filter PM2.5 mass,2023-07-01,10
ReconstrPM25,Filter PM2.5 mass,2023-11-01,10
ReconstrPM25,Filter PM2.5 mass,2023-12-01,10
ReconstrPM25,Filter PM2.5 mass,2024-04-01,10
ReconstrPM25,Filter PM2.5 mass,2024-07-01,10
ReconstrPM25,Filter PM2.5 mass,2022-12-01,9
ReconstrPM25,Filter PM2.5 mass,2023-01-01,9
ReconstrPM25,Filter PM2.5 mass,2023-02-01,9
ReconstrPM25,Filter PM2.5 mass,2023-08-01,9
ReconstrPM25,Filter PM2.5 mass,2023-09-01,9
ReconstrPM25,Filter PM2.5 mass,2024-02-01,9
ReconstrPM25,Filter PM2.5 mass,2024-06-01,9
ReconstrPM25,Filter PM2.5 mass,2023-03-01,8
ReconstrPM25,Filter PM2.5 mass,2023-05-01,8
ReconstrPM25,Filter PM2.5 mass,2025-12-01,8
ReconstrPM25,Filter PM2.5 mass,2026-01-01,8
ReconstrPM25,Filter PM2.5 mass,2026-02-01,7
ReconstrPM25,Filter PM2.5 mass,2023-10-01,6
ReconstrPM25,Filter PM2.5 mass,2024-08-01,5
ReconstrPM25,Filter PM2.5 mass,2024-05-01,4
ReconstrPM25,Filter PM2.5 mass,2025-11-01,4
ReconstrPM25,Filter PM2.5 mass,2024-10-01,3
ReconstrPM25,Filter PM2.5 mass,2024-11-01,3
ReconstrPM25,Filter PM2.5 mass,2024-12-01,3
ReconstrPM25,Filter PM2.5 mass,2025-01-01,3
ReconstrPM25,Filter PM2.5 mass,2025-02-01,3
ReconstrPM25,Filter PM2.5 mass,2025-03-01,3
ReconstrPM25,Filter PM2.5 mass,2025-04-01,3
ReconstrPM25,Filter PM2.5 mass,2025-05-01,3
ReconstrPM25,Filter PM2.5 mass,2025-07-01,3
ReconstrPM25,Filter PM2.5 mass,2024-09-01,2
ReconstrPM25,Filter PM2.5 mass,2025-06-01,2
ReconstrPM25,Filter PM2.5 mass,2025-08-01,1
ReconstrPM25,Filter PM2.5 mass,2026-03-01,1
ReconstrPM25,Fine Soil,2024-01-01,11
ReconstrPM25,Fine Soil,2024-03-01,11
ReconstrPM25,Fine Soil,2023-04-01,10
ReconstrPM25,Fine Soil,2023-06-01,10
ReconstrPM25,Fine Soil,2023-07-01,10
ReconstrPM25,Fine Soil,2023-11-01,10
ReconstrPM25,Fine Soil,2023-12-01,10
ReconstrPM25,Fine Soil,2024-04-01,10
ReconstrPM25,Fine Soil,2024-07-01,10
ReconstrPM25,Fine Soil,2022-12-01,9
ReconstrPM25,Fine Soil,2023-01-01,9
ReconstrPM25,Fine Soil,2023-02-01,9
ReconstrPM25,Fine Soil,2023-08-01,9
ReconstrPM25,Fine Soil,2023-09-01,9
ReconstrPM25,Fine Soil,2024-02-01,9
ReconstrPM25,Fine Soil,2024-06-01,9
ReconstrPM25,Fine Soil,2023-03-01,8
ReconstrPM25,Fine Soil,2023-05-01,8
ReconstrPM25,Fine Soil,2025-12-01,8
ReconstrPM25,Fine Soil,2023-10-01,6
ReconstrPM25,Fine Soil,2024-08-01,5
ReconstrPM25,Fine Soil,2024-05-01,4
ReconstrPM25,Fine Soil,2025-11-01,4
ReconstrPM25,Fine Soil,2024-10-01,3
ReconstrPM25,Fine Soil,2024-11-01,3
ReconstrPM25,Fine Soil,2024-12-01,3
ReconstrPM25,Fine Soil,2025-01-01,3
ReconstrPM25,Fine Soil,2025-02-01,3
ReconstrPM25,Fine Soil,2025-03-01,3
ReconstrPM25,Fine Soil,2025-04-01,3
ReconstrPM25,Fine Soil,2025-05-01,3
ReconstrPM25,Fine Soil,2025-07-01,3
ReconstrPM25,Fine Soil,2024-09-01,2
ReconstrPM25,Fine Soil,2025-06-01,2
ReconstrPM25,Fine Soil,2026-01-01,2
ReconstrPM25,Fine Soil,2025-08-01,1
ReconstrPM25,Nitrate Ion PM2.5,2024-01-01,11
ReconstrPM25,Nitrate Ion PM2.5,2024-03-01,11
ReconstrPM25,Nitrate Ion PM2.5,2023-04-01,10
ReconstrPM25,Nitrate Ion PM2.5,2023-06-01,10
ReconstrPM25,Nitrate Ion PM2.5,2023-11-01,10
ReconstrPM25,Nitrate Ion PM2.5,2023-12-01,10
ReconstrPM25,Nitrate Ion PM2.5,2024-04-01,10
ReconstrPM25,Nitrate Ion PM2.5,2024-07-01,10
ReconstrPM25,Nitrate Ion PM2.5,2022-12-01,9
ReconstrPM25,Nitrate Ion PM2.5,2023-01-01,9
ReconstrPM25,Nitrate Ion PM2.5,2023-02-01,9
ReconstrPM25,Nitrate Ion PM2.5,2023-08-01,9
ReconstrPM25,Nitrate Ion PM2.5,2023-09-01,9
ReconstrPM25,Nitrate Ion PM2.5,2024-02-01,9
ReconstrPM25,Nitrate Ion PM2.5,2024-06-01,9
ReconstrPM25,Nitrate Ion PM2.5,2023-03-01,8
ReconstrPM25,Nitrate Ion PM2.5,2023-05-01,8
ReconstrPM25,Nitrate Ion PM2.5,2023-07-01,8
ReconstrPM25,Nitrate Ion PM2.5,2023-10-01,6
ReconstrPM25,Nitrate Ion PM2.5,2024-08-01,5
ReconstrPM25,Nitrate Ion PM2.5,2024-05-01,4
ReconstrPM25,Nitrate Ion PM2.5,2024-10-01,3
ReconstrPM25,Nitrate Ion PM2.5,2024-11-01,3
ReconstrPM25,Nitrate Ion PM2.5,2024-12-01,3
ReconstrPM25,Nitrate Ion PM2.5,2025-01-01,3
ReconstrPM25,Nitrate Ion PM2.5,2025-02-01,3
ReconstrPM25,Nitrate Ion PM2.5,2025-03-01,3
ReconstrPM25,Nitrate Ion PM2.5,2025-04-01,3
ReconstrPM25,Nitrate Ion PM2.5,2025-05-01,3
ReconstrPM25,Nitrate Ion PM2.5,2025-07-01,3
ReconstrPM25,Nitrate Ion PM2.5,2024-09-01,2
ReconstrPM25,Nitrate Ion PM2.5,2025-06-01,2
ReconstrPM25,Nitrate Ion PM2.5,2025-08-01,1
ReconstrPM25,OC PM2.5,2024-01-01,11
ReconstrPM25,OC PM2.5,2024-03-01,11
ReconstrPM25,OC PM2.5,2023-04-01,10
ReconstrPM25,OC PM2.5,2023-06-01,10
ReconstrPM25,OC PM2.5,2023-07-01,10
ReconstrPM25,OC PM2.5,2023-11-01,10
ReconstrPM25,OC PM2.5,2023-12-01,10
ReconstrPM25,OC PM2.5,2024-04-01,10
ReconstrPM25,OC PM2.5,2024-07-01,10
ReconstrPM25,OC PM2.5,2022-12-01,9
ReconstrPM25,OC PM2.5,2023-01-01,9
ReconstrPM25,OC PM2.5,2023-02-01,9
ReconstrPM25,OC PM2.5,2023-08-01,9
ReconstrPM25,OC PM2.5,2023-09-01,9
ReconstrPM25,OC PM2.5,2024-02-01,9
ReconstrPM25,OC PM2.5,2024-06-01,9
ReconstrPM25,OC PM2.5,2023-03-01,8
ReconstrPM25,OC PM2.5,2023-05-01,8
ReconstrPM25,OC PM2.5,2025-12-01,8
ReconstrPM25,OC PM2.5,2023-10-01,6
ReconstrPM25,OC PM2.5,2024-08-01,5
ReconstrPM25,OC PM2.5,2024-05-01,4
ReconstrPM25,OC PM2.5,2025-11-01,4
ReconstrPM25,OC PM2.5,2024-10-01,3
ReconstrPM25,OC PM2.5,2024-11-01,3
ReconstrPM25,OC PM2.5,2024-12-01,3
ReconstrPM25,OC PM2.5,2025-01-01,3
ReconstrPM25,OC PM2.5,2025-02-01,3
ReconstrPM25,OC PM2.5,2025-03-01,3
ReconstrPM25,OC PM2.5,2025-04-01,3
ReconstrPM25,OC PM2.5,2025-05-01,3
ReconstrPM25,OC PM2.5,2025-07-01,3
ReconstrPM25,OC PM2.5,2024-09-01,2
ReconstrPM25,OC PM2.5,2025-06-01,2
ReconstrPM25,OC PM2.5,2026-01-01,2
ReconstrPM25,OC PM2.5,2025-08-01,1
ReconstrPM25,OM PM2.5,2024-01-01,11
ReconstrPM25,OM PM2.5,2024-03-01,11
ReconstrPM25,OM PM2.5,2023-04-01,10
ReconstrPM25,OM PM2.5,2023-06-01,10
ReconstrPM25,OM PM2.5,2023-07-01,10
ReconstrPM25,OM PM2.5,2023-11-01,10
ReconstrPM25,OM PM2.5,2023-12-01,10
ReconstrPM25,OM PM2.5,2024-04-01,10
ReconstrPM25,OM PM2.5,2022-12-01,9
ReconstrPM25,OM PM2.5,2023-01-01,9
ReconstrPM25,OM PM2.5,2023-02-01,9
ReconstrPM25,OM PM2.5,2023-08-01,9
ReconstrPM25,OM PM2.5,2023-09-01,9
ReconstrPM25,OM PM2.5,2024-02-01,9
ReconstrPM25,OM PM2.5,2023-03-01,8
ReconstrPM25,OM PM2.5,2023-05-01,8
ReconstrPM25,OM PM2.5,2025-12-01,8
ReconstrPM25,OM PM2.5,2023-10-01,6
ReconstrPM25,OM PM2.5,2024-05-01,4
ReconstrPM25,OM PM2.5,2025-11-01,4
ReconstrPM25,OM PM2.5,2024-10-01,3
ReconstrPM25,OM PM2.5,2024-11-01,3
ReconstrPM25,OM PM2.5,2024-12-01,3
ReconstrPM25,OM PM2.5,2025-01-01,3
ReconstrPM25,OM PM2.5,2025-02-01,3
ReconstrPM25,OM PM2.5,2025-03-01,3
ReconstrPM25,OM PM2.5,2025-04-01,3
ReconstrPM25,OM PM2.5,2025-05-01,3
ReconstrPM25,OM PM2.5,2025-07-01,3
ReconstrPM25,OM PM2.5,2025-06-01,2
ReconstrPM25,OM PM2.5,2026-01-01,2
ReconstrPM25,OM PM2.5,2025-08-01,1
ReconstrPM25,Residual Matter Only,2024-01-01,11
ReconstrPM25,Residual Matter Only,2024-03-01,11
ReconstrPM25,Residual Matter Only,2023-04-01,10
ReconstrPM25,Residual Matter Only,2023-06-01,10
ReconstrPM25,Residual Matter Only,2024-04-01,10
ReconstrPM25,Residual Matter Only,2024-07-01,10
ReconstrPM25,Residual Matter Only,2022-12-01,9
ReconstrPM25,Residual Matter Only,2023-01-01,9
ReconstrPM25,Residual Matter Only,2023-02-01,9
ReconstrPM25,Residual Matter Only,2023-08-01,9
ReconstrPM25,Residual Matter Only,2023-09-01,9
ReconstrPM25,Residual Matter Only,2024-02-01,9
ReconstrPM25,Residual Matter Only,2024-06-01,9
ReconstrPM25,Residual Matter Only,2023-03-01,8
ReconstrPM25,Residual Matter Only,2023-05-01,8
ReconstrPM25,Residual Matter Only,2023-07-01,8
ReconstrPM25,Residual Matter Only,2023-10-01,6
ReconstrPM25,Residual Matter Only,2024-08-01,5
ReconstrPM25,Residual Matter Only,2023-12-01,4
ReconstrPM25,Residual Matter Only,2024-05-01,4
ReconstrPM25,Residual Matter Only,2024-10-01,3
ReconstrPM25,Residual Matter Only,2024-11-01,3
ReconstrPM25,Residual Matter Only,2024-12-01,3
ReconstrPM25,Residual Matter Only,2025-01-01,3
ReconstrPM25,Residual Matter Only,2025-02-01,3
ReconstrPM25,Residual Matter Only,2025-03-01,3
ReconstrPM25,Residual Matter Only,2025-04-01,3
ReconstrPM25,Residual Matter Only,2025-05-01,3
ReconstrPM25,Residual Matter Only,2025-07-01,3
ReconstrPM25,Residual Matter Only,2023-11-01,2
ReconstrPM25,Residual Matter Only,2024-09-01,2
ReconstrPM25,Residual Matter Only,2025-06-01,2
ReconstrPM25,Residual Matter Only,2025-08-01,1
ReconstrPM25,Residual Matter with OC,2024-01-01,11
ReconstrPM25,Residual Matter with OC,2024-03-01,11
ReconstrPM25,Residual Matter with OC,2023-04-01,10
ReconstrPM25,Residual Matter with OC,2023-06-01,10
ReconstrPM25,Residual Matter with OC,2024-04-01,10
ReconstrPM25,Residual Matter with OC,2024-07-01,10
ReconstrPM25,Residual Matter with OC,2022-12-01,9
ReconstrPM25,Residual Matter with OC,2023-01-01,9
ReconstrPM25,Residual Matter with OC,2023-02-01,9
ReconstrPM25,Residual Matter with OC,2023-08-01,9
ReconstrPM25,Residual Matter with OC,2023-09-01,9
ReconstrPM25,Residual Matter with OC,2024-02-01,9
ReconstrPM25,Residual Matter with OC,2024-06-01,9
ReconstrPM25,Residual Matter with OC,2023-03-01,8
ReconstrPM25,Residual Matter with OC,2023-05-01,8
ReconstrPM25,Residual Matter with OC,2023-07-01,8
ReconstrPM25,Residual Matter with OC,2023-10-01,6
ReconstrPM25,Residual Matter with OC,2024-08-01,5
ReconstrPM25,Residual Matter with OC,2023-12-01,4
ReconstrPM25,Residual Matter with OC,2024-05-01,4
ReconstrPM25,Residual Matter with OC,2024-10-01,3
ReconstrPM25,Residual Matter with OC,2024-11-01,3
ReconstrPM25,Residual Matter with OC,2024-12-01,3
ReconstrPM25,Residual Matter with OC,2025-01-01,3
ReconstrPM25,Residual Matter with OC,2025-02-01,3
ReconstrPM25,Residual Matter with OC,2025-03-01,3
ReconstrPM25,Residual Matter with OC,2025-04-01,3
ReconstrPM25,Residual Matter with OC,2025-05-01,3
ReconstrPM25,Residual Matter with OC,2025-07-01,3
ReconstrPM25,Residual Matter with OC,2023-11-01,2
ReconstrPM25,Residual Matter with OC,2024-09-01,2
ReconstrPM25,Residual Matter with OC,2025-06-01,2
ReconstrPM25,Residual Matter with OC,2025-08-01,1
ReconstrPM25,Residual Matter with OM,2024-01-01,11
ReconstrPM25,Residual Matter with OM,2024-03-01,11
ReconstrPM25,Residual Matter with OM,2023-04-01,10
ReconstrPM25,Residual Matter with OM,2023-06-01,10
ReconstrPM25,Residual Matter with OM,2024-04-01,10
ReconstrPM25,Residual Matter with OM,2024-07-01,10
ReconstrPM25,Residual Matter with OM,2022-12-01,9
ReconstrPM25,Residual Matter with OM,2023-01-01,9
ReconstrPM25,Residual Matter with OM,2023-02-01,9
ReconstrPM25,Residual Matter with OM,2023-08-01,9
ReconstrPM25,Residual Matter with OM,2023-09-01,9
ReconstrPM25,Residual Matter with OM,2024-02-01,9
ReconstrPM25,Residual Matter with OM,2024-06-01,9
ReconstrPM25,Residual Matter with OM,2023-03-01,8
ReconstrPM25,Residual Matter with OM,2023-05-01,8
ReconstrPM25,Residual Matter with OM,2023-07-01,8
ReconstrPM25,Residual Matter with OM,2023-10-01,6
ReconstrPM25,Residual Matter with OM,2024-08-01,5
ReconstrPM25,Residual Matter with OM,2023-12-01,4
ReconstrPM25,Residual Matter with OM,2024-05-01,4
ReconstrPM25,Residual Matter with OM,2024-10-01,3
ReconstrPM25,Residual Matter with OM,2024-11-01,3
ReconstrPM25,Residual Matter with OM,2024-12-01,3
ReconstrPM25,Residual Matter with OM,2025-01-01,3
ReconstrPM25,Residual Matter with OM,2025-02-01,3
ReconstrPM25,Residual Matter with OM,2025-03-01,3
ReconstrPM25,Residual Matter with OM,2025-04-01,3
ReconstrPM25,Residual Matter with OM,2025-05-01,3
ReconstrPM25,Residual Matter with OM,2025-07-01,3
ReconstrPM25,Residual Matter with OM,2023-11-01,2
ReconstrPM25,Residual Matter with OM,2024-09-01,2
ReconstrPM25,Residual Matter with OM,2025-06-01,2
ReconstrPM25,Residual Matter with OM,2025-08-01,1
ReconstrPM25,Sea Salt,2024-01-01,11
ReconstrPM25,Sea Salt,2024-03-01,11
ReconstrPM25,Sea Salt,2023-04-01,10
ReconstrPM25,Sea Salt,2023-06-01,10
ReconstrPM25,Sea Salt,2023-07-01,10
ReconstrPM25,Sea Salt,2023-11-01,10
ReconstrPM25,Sea Salt,2023-12-01,10
ReconstrPM25,Sea Salt,2024-04-01,10
ReconstrPM25,Sea Salt,2024-07-01,10
ReconstrPM25,Sea Salt,2022-12-01,9
ReconstrPM25,Sea Salt,2023-01-01,9
ReconstrPM25,Sea Salt,2023-02-01,9
ReconstrPM25,Sea Salt,2023-08-01,9
ReconstrPM25,Sea Salt,2023-09-01,9
ReconstrPM25,Sea Salt,2024-02-01,9
ReconstrPM25,Sea Salt,2024-06-01,9
ReconstrPM25,Sea Salt,2023-03-01,8
ReconstrPM25,Sea Salt,2023-05-01,8
ReconstrPM25,Sea Salt,2025-12-01,8
ReconstrPM25,Sea Salt,2026-01-01,8
ReconstrPM25,Sea Salt,2026-02-01,7
ReconstrPM25,Sea Salt,2023-10-01,6
ReconstrPM25,Sea Salt,2024-08-01,5
ReconstrPM25,Sea Salt,2024-05-01,4
ReconstrPM25,Sea Salt,2025-11-01,4
ReconstrPM25,Sea Salt,2024-10-01,3
ReconstrPM25,Sea Salt,2024-11-01,3
ReconstrPM25,Sea Salt,2024-12-01,3
ReconstrPM25,Sea Salt,2025-01-01,3
ReconstrPM25,Sea Salt,2025-02-01,3
ReconstrPM25,Sea Salt,2025-03-01,3
ReconstrPM25,Sea Salt,2025-04-01,3
ReconstrPM25,Sea Salt,2025-05-01,3
ReconstrPM25,Sea Salt,2025-07-01,3
ReconstrPM25,Sea Salt,2024-09-01,2
ReconstrPM25,Sea Salt,2025-06-01,2
ReconstrPM25,Sea Salt,2025-08-01,1
ReconstrPM25,Sea Salt,2026-03-01,1
ReconstrPM25,Sulfate Ion PM2.5,2024-01-01,11
ReconstrPM25,Sulfate Ion PM2.5,2024-03-01,11
ReconstrPM25,Sulfate Ion PM2.5,2023-04-01,10
ReconstrPM25,Sulfate Ion PM2.5,2023-06-01,10
ReconstrPM25,Sulfate Ion PM2.5,2023-11-01,10
ReconstrPM25,Sulfate Ion PM2.5,2023-12-01,10
ReconstrPM25,Sulfate Ion PM2.5,2024-04-01,10
ReconstrPM25,Sulfate Ion PM2.5,2024-07-01,10
ReconstrPM25,Sulfate Ion PM2.5,2022-12-01,9
ReconstrPM25,Sulfate Ion PM2.5,2023-01-01,9
ReconstrPM25,Sulfate Ion PM2.5,2023-02-01,9
ReconstrPM25,Sulfate Ion PM2.5,2023-08-01,9
ReconstrPM25,Sulfate Ion PM2.5,2023-09-01,9
ReconstrPM25,Sulfate Ion PM2.5,2024-02-01,9
ReconstrPM25,Sulfate Ion PM2.5,2024-06-01,9
ReconstrPM25,Sulfate Ion PM2.5,2023-03-01,8
ReconstrPM25,Sulfate Ion PM2.5,2023-05-01,8
ReconstrPM25,Sulfate Ion PM2.5,2023-07-01,8
ReconstrPM25,Sulfate Ion PM2.5,2023-10-01,6
ReconstrPM25,Sulfate Ion PM2.5,2024-08-01,5
ReconstrPM25,Sulfate Ion PM2.5,2024-05-01,4
ReconstrPM25,Sulfate Ion PM2.5,2024-10-01,3
ReconstrPM25,Sulfate Ion PM2.5,2024-11-01,3
ReconstrPM25,Sulfate Ion PM2.5,2024-12-01,3
ReconstrPM25,Sulfate Ion PM2.5,2025-01-01,3
ReconstrPM25,Sulfate Ion PM2.5,2025-02-01,3
ReconstrPM25,Sulfate Ion PM2.5,2025-03-01,3
ReconstrPM25,Sulfate Ion PM2.5,2025-04-01,3
ReconstrPM25,Sulfate Ion PM2.5,2025-05-01,3
ReconstrPM25,Sulfate Ion PM2.5,2025-07-01,3
ReconstrPM25,Sulfate Ion PM2.5,2024-09-01,2
ReconstrPM25,Sulfate Ion PM2.5,2025-06-01,2
ReconstrPM25,Sulfate Ion PM2.5,2025-08-01,1
ReconstrPM25,Trace Element Oxides,2024-01-01,11
ReconstrPM25,Trace Element Oxides,2024-03-01,11
ReconstrPM25,Trace Element Oxides,2023-04-01,10
ReconstrPM25,Trace Element Oxides,2023-06-01,10
ReconstrPM25,Trace Element Oxides,2023-07-01,10
ReconstrPM25,Trace Element Oxides,2023-11-01,10
ReconstrPM25,Trace Element Oxides,2023-12-01,10
ReconstrPM25,Trace Element Oxides,2024-04-01,10
ReconstrPM25,Trace Element Oxides,2024-07-01,10
ReconstrPM25,Trace Element Oxides,2022-12-01,9
ReconstrPM25,Trace Element Oxides,2023-01-01,9
ReconstrPM25,Trace Element Oxides,2023-02-01,9
ReconstrPM25,Trace Element Oxides,2023-08-01,9
ReconstrPM25,Trace Element Oxides,2023-09-01,9
ReconstrPM25,Trace Element Oxides,2024-02-01,9
ReconstrPM25,Trace Element Oxides,2024-06-01,9
ReconstrPM25,Trace Element Oxides,2023-03-01,8
ReconstrPM25,Trace Element Oxides,2023-05-01,8
ReconstrPM25,Trace Element Oxides,2025-12-01,8
ReconstrPM25,Trace Element Oxides,2023-10-01,6
ReconstrPM25,Trace Element Oxides,2024-08-01,5
ReconstrPM25,Trace Element Oxides,2024-05-01,4
ReconstrPM25,Trace Element Oxides,2025-11-01,4
ReconstrPM25,Trace Element Oxides,2024-10-01,3
ReconstrPM25,Trace Element Oxides,2024-11-01,3
ReconstrPM25,Trace Element Oxides,2024-12-01,3
ReconstrPM25,Trace Element Oxides,2025-01-01,3
ReconstrPM25,Trace Element Oxides,2025-02-01,3
ReconstrPM25,Trace Element Oxides,2025-03-01,3
ReconstrPM25,Trace Element Oxides,2025-04-01,3
ReconstrPM25,Trace Element Oxides,2025-05-01,3
ReconstrPM25,Trace Element Oxides,2025-07-01,3
ReconstrPM25,Trace Element Oxides,2024-09-01,2
ReconstrPM25,Trace Element Oxides,2025-06-01,2
ReconstrPM25,Trace Element Oxides,2026-01-01,2
ReconstrPM25,Trace Element Oxides,2025-08-01,1
